Branch,Bus_Type_ID,Customer,Predicted_spend,Training_spend,Testing_spend,Intercept,Slope,Churn_time,Error_slope_ratio
162,49,126581,0.0,43269.55174703988,0.0,14421.013689895304,-2243.124114486959,1.9290928108354828,-0.4740772230677134
375,49,206850,0.0,71241.05807247534,19036.92,13516.704836531118,-1420.5775620630188,5.013445325297349,-0.2406826513451617
374,49,121430,0.0,41988.840503186904,871.54,10180.358328330565,-1329.2165062248612,3.1594311891036044,-0.42540362834293877
156,49,269948,0.0,25170.220139229088,1233.7,5049.732123430404,-562.8244687794432,4.470731818690779,-0.9863353949005287
546,49,116915,5908.472396989127,50136.98910524479,15578.789999999999,7311.861626845953,-510.70282584921637,9.811543856212289,-0.5444862103624496
441,49,63367,80.16899637123697,27727.455374715195,27825.9,4970.761611728708,-488.4480165015974,5.681855609572786,-0.509441177255808
304,49,66158,0.0,7518.727114187179,12785.77,2389.4984016372223,-363.91682004855653,2.065584372029445,-0.3997889209929909
806,49,63709,0.0,11778.629189886788,10223.339999999998,2626.1022349453015,-321.83095910147165,3.6579593757412385,-0.39945238761740604
1329,49,24431,0.0,11226.574333950226,196.09,2407.569287181632,-285.5359675081354,3.9253756412413376,-0.24619695611517325
224,49,17801,0.0,14451.060384173781,14706.48,2693.9747982992026,-277.5263910848499,5.1982231597747415,-0.3818801748713295
1289,49,191287,0.0,5131.722590562991,59.95,1630.7451177978478,-248.34952416478862,2.0692429800657224,-0.28169535005632057
241,49,243614,98.26873765615666,13929.401883478244,1077.23,2446.0866375175947,-234.03254425994893,5.952735847640276,-0.43777775412943004
461,49,105527,0.0,5142.191693675264,0.0,1560.5780856324864,-232.5242036144355,2.206949224753332,-0.23893218201352864
647,49,87372,0.0,10166.769131752366,1010.61,1999.3843324277645,-218.37942650056178,4.663655565024021,-0.7595581412894319
283,49,53440,0.0,6223.311559854696,437.52000000000004,1564.9922774072438,-209.48024920483874,2.977661033423299,-0.20769358437243735
222,49,80794,0.0,7106.140513749554,603.2100000000002,1638.1020114674004,-206.1084355760989,3.4495827736648317,-0.48737998696493323
606,49,71074,0.0,5169.603620974318,0.0,1419.9019235126786,-200.6536803144993,2.571942099987223,-0.20978656909146715
166,49,13944,0.0,7504.898634520201,115.46,1652.8979485723173,-200.5351300267327,3.73378041518418,-0.8662740749211569
526,49,63375,109.43899899818042,11636.830355560494,8426.079999999998,2019.4193235653172,-190.16361955761508,6.1246475555581545,-0.28323413517044815
1092,49,73795,0.0,4750.250837650835,3575.2000000000007,1298.258210149044,-182.94069475199123,2.595765485055101,-0.28720395587979985
154,49,118159,0.0,5208.420543687296,0.0,1277.5513747139444,-168.1576267433811,3.1002503236233903,-0.2384636062066903
546,49,262489,70.92560406451524,9875.026642928966,17981.46,1733.0048747385208,-165.6671578768054,5.9488112306801,-0.7195518020570785
82,49,8438,14465.960785548832,30943.893818152148,82394.61,3839.747326701913,-165.63509886371074,18.6408998904531,-1.196538138949789
505,49,117196,0.0,4101.198615646244,574.75,1145.9935741103864,-163.52749167683598,2.5007308631989296,-0.19030674385867008
1449,49,104693,0.0,7579.288240226799,0.0,1468.9527090037616,-158.0053077735737,4.797017873561265,-0.3367342403981873
1432,49,108975,291.9094935547659,10833.28674760595,4948.139999999999,1780.4193220260117,-154.9090327256482,6.989217256519966,-0.7502165671381734
324,49,127611,0.0,5047.8579364792295,2060.09,1129.3447738313994,-138.790884485217,3.6315524722872157,-0.35911011347975397
607,49,206308,2744.4617721982027,15388.482641351215,7421.240000000001,2148.2954101142054,-135.43269910646308,11.39887603063053,-1.0461498108723326
607,49,129530,2006.1246010419984,13743.462016927018,16952.51,1959.245106093857,-129.9775343113678,10.57189385917463,-0.7184802979272848
547,49,112379,0.0,2993.0637285019934,586.77,876.2827307717523,-128.21696842701175,2.3383310378921824,-0.29156121172619354
168,49,127238,139253.4456436669,151183.12227644125,11034.31,15664.22420542721,-121.31377284068584,124.94472915408367,-4.078189464244732
507,49,185588,0.0,4749.77600478411,3421.5699999999997,1012.1319617312035,-119.36763583395391,3.991408407381605,-0.6418992544513797
607,49,255289,0.0,2777.2719810105045,0.0,795.2953238455083,-115.01513905432397,2.415019113922178,-0.25308422517747453
375,49,78459,93.23085836783173,7309.587534131874,23032.79,1246.9202023525909,-114.65809976431184,6.356163073158151,-0.5783306612320496
303,49,72097,0.0,5796.473308187057,218.70999999999998,1086.3284423514747,-112.59580256283755,5.129622396625715,-1.0481770219372226
303,49,241168,0.0,3821.661838337829,1740.5000000000002,873.3846296186689,-109.15965461886356,3.506111778291586,-0.3545206652483171
370,49,240288,0.0,5051.420277544392,0.0,995.8017424915818,-109.03549216380945,4.63433052985724,-0.4160637870437274
202,49,64024,0.0,2700.813536270776,244.21,746.5017802435577,-105.87120591477338,2.5479372983686566,-0.5004337558028504
1092,49,136095,0.0,3087.170436846725,927.1200000000001,784.894279564551,-105.8171635288619,2.9124249404214386,-0.27418483008959776
382,49,67578,0.0,3368.1262359417333,4050.2,811.3305994010911,-105.44843906820395,3.20773927232546,-0.554259383266717
314,49,44345,5846.597961624289,16327.785790062626,1604.15,2106.717705935156,-105.31980598419851,15.550272181012025,-1.134476862929305
372,49,62483,0.0,2611.485495706202,2715.0699999999997,721.0525413221621,-102.20088705589822,2.5602798977511787,-0.6310612311489814
1092,49,71353,0.0,3531.0136290913247,2524.93,800.4499257875558,-99.41079175076074,3.5666804334255806,-0.47654738726236046
526,49,7024,24288.987388520716,33975.10692010651,38397.72,3836.420584910962,-97.53553175562472,34.668476449088274,-0.6868798695412701
1092,49,94591,0.0,4138.932549446736,1300.79,836.5233952069136,-93.91780894716445,4.403119733453974,-0.4291707725345261
202,49,70091,0.0,3301.49161864191,27413.18,746.3469807073601,-92.48840418737092,3.588577846349902,-0.8180713716621582
526,49,50833,0.0,3035.420657980474,14.75,717.4630646135668,-91.98244418122651,3.2993702804135587,-0.9474175425861607
221,49,81722,0.0,3070.3551445603316,1924.18,717.9739792264504,-91.31965883787049,3.374016642373991,-0.3501315333058418
374,49,73243,3246.161921659979,12214.76102511252,3829.3599999999997,1631.286447012713,-91.06896544476912,13.422814313310463,-0.9837753206763012
1572,49,123499,0.0,4574.056584284699,0.0,848.6398383749251,-86.94092887699006,5.257536303775516,-1.0310937100938686
1291,49,90850,0.0,3556.58744462647,511.61,741.81571802454,-85.8126607915318,4.135566796077291,-0.3363004709672976
381,49,21186,0.0,2690.0597650330947,1203.7099999999998,636.5886249337559,-81.68503298454365,3.2805606890647496,-0.17582144192201496
546,49,34659,1941.7638304716643,9621.961189501644,31241.870000000003,1325.642478421722,-80.76585766034614,11.878964431483512,-1.185877457884947
607,49,102144,0.0,3011.505064659322,9674.02,657.6565979430488,-79.22357588380368,3.8120317274168634,-0.2951537795827136
1109,49,135575,1015.202358260635,7898.990061730453,3005.7999999999997,1141.8545392009812,-78.21234067287463,10.126910335551864,-0.5763206964301476
122,49,28337,1539.5832246139294,8747.039422945261,4435.1,1222.9849397253145,-77.39577720684187,11.359791458370468,-0.4724384097630349
402,49,223749,0.0,1533.1519717804365,0.0,490.5303286715498,-74.93669588744581,2.044202629040582,-0.3658140997085703
507,49,134176,0.0,2970.023379344219,0.0,628.0084990673989,-73.55692469621711,4.013545107221918,-0.7157722687462902
303,49,58007,0.0,2070.4606690446017,1087.99,528.6142219693742,-71.45959001442533,2.916141787386763,-0.22198071724334237
526,49,61179,200.59163469189468,5333.962348285874,5189.15,854.6695761688652,-71.39407585339507,7.5126230257547535,-0.37795918449508814
370,49,104161,0.0,3353.202519716938,101.28,648.5123843468666,-69.59825163892731,4.79028931388134,-0.32386000457629593
547,49,59986,0.0,2342.9258930488036,499.33000000000004,534.9356997280323,-66.80958009403378,3.496904317983289,-0.2694963003627948
607,49,136036,0.0,2824.1881028736743,2683.2,579.9608996257291,-66.12046429741372,4.2790728831419305,-0.4777538522338988
365,49,103122,18.48327797716719,3808.4475687151808,0.0,676.1693081866998,-65.62767807004039,5.77037510411391,-0.7695950327446952
502,49,60768,0.0,2311.528124636518,53.190000000000005,523.8268122629272,-65.0386666220612,3.5561971148254123,-0.42632914153783696
283,49,53437,0.0,2591.798371965509,8449.37,549.3412417349174,-64.48031211963699,4.049684956196108,-0.3220339360314148
382,49,76953,0.0,2410.0456233836812,700.6999999999999,525.9828739898345,-63.32851370032587,3.8254692434661606,-0.4837176593030564
163,49,79835,39.13262338378613,3896.819993356145,1557.76,674.0539570229586,-63.19376837496535,6.1854285608827695,-0.3515391929117891
366,49,103349,164.98293927725456,4535.778203133688,1905.17,728.9338310886393,-61.19022461672677,7.435701972350309,-0.8665497043568405
526,49,122326,16937.445730371226,22942.94435571004,30196.729999999996,2566.515010897637,-60.49346118369622,38.23824059285006,-1.8716872175688317
305,49,65402,0.0,1680.1781937994467,756.8,430.13134769070103,-58.24745073572363,2.8968589548266324,-0.4277275236594437
507,49,51692,0.0,2280.0705525075255,961.83,480.07343199379227,-56.014750387342154,4.071554558049153,-0.9935879451947954
502,49,101402,0.0,1271.8917445976833,0.0,363.1134432286222,-52.427615281967526,2.4459456626878526,-0.5622095708460264
527,49,89403,0.0,996.0025394799628,155.93,328.31036500351854,-50.82446912344939,1.9529461558430643,-0.3368341195297522
163,49,85956,0.0,2396.493889231163,0.0,461.65283327486276,-49.334098744832545,4.890803855573802,-0.5916834968070502
1434,49,209111,0.0,1334.35379462535,2775.5,352.3754086927146,-48.65333982892881,2.72317100943949,-0.3112323467838354
1451,49,71142,597.2891146980601,4811.060094421957,200.73999999999998,697.9966595289807,-48.19792224150777,10.023041863379076,-1.0836475176782427
626,49,63433,0.0,2250.969050710811,417.44,441.2697689667684,-48.03841419904162,4.689518855647523,-0.4703161757244656
162,49,115636,58.6740053961943,3139.863502393456,109.81,526.0379106023229,-47.122568969550514,6.680560643390332,-0.3349056867024529
461,49,96566,0.0,1882.7247521536933,121.35,399.5170386843656,-46.943236326443625,4.005797345007858,-0.3596971299041535
1092,49,217390,0.0,1095.5291226820295,62.36,314.7712915221107,-45.604084278646155,2.38158504930876,-0.3370478802180155
526,49,69782,0.0,1739.8837346293235,461.52,373.01170199070697,-44.22740633950547,3.954281215066644,-0.31999842025850306
221,49,62137,0.0,1819.6998814417343,787.81,380.63581452269335,-44.14796141744887,4.135681548731214,-0.38012017655795655
507,49,79926,1426.8835566009893,5733.05270607446,8836.880000000001,771.5593369022727,-44.05645917662815,13.029665241078318,-0.7549744891314032
321,49,60390,5294.06359373556,9639.066761918546,10553.830000000002,1160.519513579864,-43.69174164177989,21.90696991345124,-1.7496733621408407
303,49,55013,0.0,1113.4606674862011,683.95,301.88091276787713,-42.34107689316822,2.651096827348098,-0.6439836745566451
382,49,116987,0.0,1629.8045007485987,637.3600000000001,347.3688317243873,-40.97519592211721,3.975132928655119,-0.739479883630024
168,49,86343,352.5755348064243,3741.1363361896247,10035.15,557.6313831298735,-40.78172211353577,9.124722771194207,-1.4752563946101394
646,49,153435,0.0,1193.6390678003572,0.0,299.6548140694665,-40.06464606431795,2.984097669500893,-0.3841325653276426
202,49,87461,0.0,1668.1081606944012,7140.17,346.9496087380619,-40.03084281524927,4.170270401736003,-0.6416821760724034
156,49,236970,0.0,1855.8885020092275,85.15,362.7540565512922,-39.37004585563765,4.7586884666903275,-0.5051241126215338
241,49,127424,186.35901884137917,3163.4878856011765,1685.3600000000001,491.2610739459076,-38.86939675239776,8.111507398977377,-0.3081062024405025
374,49,123146,8.952316476752573,2231.8959255701584,0.0,397.91617395298294,-38.828129199103806,5.722810065564508,-1.0206206290852293
324,49,126236,82.53320448595107,2759.150960616904,3890.71,450.29832669201073,-38.751829028960074,7.074746052863857,-0.6616406171972767
101,49,250911,0.0,1850.4678710689238,440.24,358.36329023546074,-38.514778473015184,4.744789412997241,-0.9086762606593445
283,49,75321,0.0,1582.6747601607376,1123.0299999999997,323.857019368156,-36.79767630046271,4.277499351785778,-0.35680252926705247
1349,49,87369,0.0,1387.4952969716956,246.89000000000001,300.146507261259,-35.86599501424209,3.8541536026991543,-0.6843083941172635
1435,49,196512,0.0,1672.0524863527298,433.48,325.7138613049972,-35.22413614882759,4.777292818150657,-1.0897962865793787
301,49,91118,4483.14567461684,7953.433693969636,1398.93,952.3875006240556,-34.89869582824267,22.724096268484672,-1.686345774984825
526,49,3911,5470.006311064781,8937.374136167053,13259.71,1050.697768533414,-34.88007887037976,25.535354674763006,-1.8090963577077241
370,49,47915,0.0,1411.9539925509116,2098.66,289.02265046203735,-32.85050026821026,4.2786484622754895,-0.24337160355567777
303,49,71086,0.0,1014.8192619584694,0.0,248.85485975950883,-32.749540791924865,3.0752098847226343,-0.580513627038738
82,49,127458,0.0,688.2468841456418,0.0,215.51149446892083,-32.597068012079255,2.085596618623157,-0.2944862112872393
344,49,7053,0.0,755.0849228014072,401.41,221.20297663252285,-32.37655207830714,2.3596403837543973,-0.5600538460235199
367,49,24187,0.0,1040.6412760426556,338.61,240.7649097617854,-30.37795159055996,3.468804253475519,-0.6753260264752299
527,49,64378,0.0,822.2934449102518,38.96000000000001,217.54899722818163,-30.071033941590326,2.740978149700839,-0.5009667509588928
153,49,89065,0.0,1140.1486749303035,2304.91,249.30542698013247,-30.06456877491158,3.8004955831010117,-0.3082859062095284
305,49,85219,0.0,668.4422689550352,0.0,199.34408192918417,-29.444412229706813,2.304973341224259,-0.3646770908998774
1435,49,183869,0.0,1000.7614531652673,567.44,231.3207825126807,-29.165474932478652,3.450901562638853,-0.6275732244125186
221,49,63211,8268.73423806566,10999.745765176962,3295.7500000000005,1223.7950410400927,-27.515658782754777,39.284806304203435,-2.6823577965225507
1291,49,90149,921.2684625196966,3541.114521822767,205.92000000000002,474.1272896417839,-26.670186102112705,13.115238969713952,-1.1093910240901503
1572,49,55195,0.0,1048.4871626774207,415.08,224.0909829249759,-26.49828147938529,4.032642933374695,-0.5220968090974007
282,49,73739,108.4377694881661,2046.7401345805242,138.92000000000002,320.60031547078336,-25.761400447273534,7.872077440694325,-0.7017179048463213
546,49,63506,60.98008729423571,1818.3999915579427,863.2100000000002,294.2232495274776,-24.97405563815185,7.27359996623177,-0.5753585626146895
224,49,258768,48.85125460401059,1718.3938825572072,1888.0800000000002,281.4294144698072,-24.353339158685888,7.15997451065503,-0.9024779411709624
1092,49,76245,0.0,1263.7591733408324,474.13,234.75385833105057,-24.083986888214962,5.265663222253468,-0.493765732513532
282,49,7882,0.0,1285.9888101091365,108.62,235.20190977497776,-23.6895619475698,5.358286708788069,-0.5808013560656202
507,49,62129,4110.2583476497475,6437.592468554158,304.0,749.1341284563063,-23.41664035575345,27.9895324719746,-2.329797970413364
101,49,115833,352.1150020647939,2459.345869607048,10009.97,351.22751611258985,-23.398428700418904,10.692808128726295,-1.5634776868146278
324,49,126149,0.0,1237.6948849777075,0.0,226.53504775217078,-22.836790945422226,5.381282108598728,-1.0957497078183247
301,49,124249,13.911140308851671,1379.6836528110794,487.08000000000004,238.60192755759962,-22.363013839220375,6.271289330959451,-0.5180301795415461
504,49,81933,5705.836922632541,7900.62656550146,5694.210000000001,889.5256567187336,-22.10288892635279,35.91193893409755,-3.5101787265836326
1409,49,93036,3677.503192221815,5860.1056638327245,8073.36,684.8237718956468,-21.958490113860964,26.636843926512384,-2.787343038086708
547,49,116742,201.43513561640395,2031.0209802668978,609.3299999999999,301.17313073722073,-21.793562824562432,9.231913546667718,-0.9923759058673036
547,49,81547,15.736779089815473,1365.4699403163868,1067.6100000000001,234.41002488958685,-21.747340190655144,6.206681546892668,-0.751948568479089
607,49,114483,4663.3217879305475,6800.776604603259,0.0,776.898744569358,-21.515796468673795,30.912620930014814,-3.412215829646998
221,49,179849,923.0043595715346,3000.3649231735917,554.0899999999999,394.08036825525244,-20.898639097309626,14.28745201511234,-1.3637256320007571
222,49,138059,4.107773696081904,1190.4864508560408,2059.52,212.8349254218349,-20.841395630273514,5.66898309931448,-0.9991675703391696
168,49,16388,37.12315209952971,1432.503339372016,0.0,235.99776387497127,-20.610539986171045,6.821444473200076,-0.8791339879390742
163,49,72656,0.0,641.5089654794903,1380.23,155.94909210137058,-20.399599011871455,3.2075448273974514,-0.29106532549676867
282,49,85728,208.13433531772182,1944.3287534266092,1062.82,286.07509197658413,-20.364937029760718,9.721643767133045,-0.5339817632140544
806,49,106040,0.0,582.8243251794748,24.6,149.18753198085926,-20.2011332139804,2.914121625897374,-0.4911673041362324
1451,49,75441,0.0,583.3820560507811,117.78,148.2213611574686,-19.97403456719789,2.9169102802539055,-0.6727635724107218
367,49,50893,29689.853476336906,31637.289123362443,47173.32,3253.1849500445437,-19.879119490733153,158.18644561681222,-6.612515727428499
365,49,191120,61.811033850239085,1500.4219212734006,232.67,239.0473388062526,-19.77892148420279,7.502109606367003,-0.8804294287627367
224,49,88750,178.57223590492842,1754.6402515799143,103.28999999999999,259.48246044332734,-18.670763396741318,9.234948692525865,-0.9307038718044542
222,49,118122,0.0,578.7459161912233,917.4300000000001,139.39927517055173,-18.11659634476209,3.21525508995124,-0.3697378130502156
305,49,57609,0.0,616.3989432302822,0.0,141.6559986805006,-17.781356523882753,3.4244385735015674,-0.6707193058654333
1092,49,228888,0.0,521.3011775832504,4287.450000000001,131.9958722187225,-17.747945435643878,2.89611765324028,-0.38339783254365567
666,49,81681,0.0,567.061461687837,0.0,135.78494750506079,-17.573066963617133,3.1503414538213166,-0.40387658448361347
162,49,135554,1818.214231842827,3562.4069261638324,423.58,435.15100268578266,-17.535624459866536,19.79114958979907,-2.3659794156450955
526,49,84456,326.42683072080945,1920.942927643664,1016.98,269.64646770670254,-17.23381665385247,11.299664280256847,-1.1092860154628992
122,49,121335,0.0,592.7651361645837,4734.02,133.39107928645166,-16.469903482220726,3.7047821010286484,-0.4900171565945749
626,49,100905,0.0,415.89488804490395,0.0,112.1219849970982,-15.673888042801734,2.5993430502806496,-0.574256083225262
726,49,72005,0.0,466.9093944565311,38.53,116.90106770651597,-15.602250724636193,2.9181837153533197,-0.4229618050161229
606,49,76212,0.0,436.1835157983698,1580.7899999999997,113.31510027774956,-15.488166377313906,2.9078901053224655,-0.5946835103843034
345,49,125858,0.0,327.51004949678986,0.0,101.73986125399647,-15.330856956514994,2.183400329978599,-0.2746751473083886
370,49,47799,846.815097464418,2356.3160382260985,0.0,303.888562878565,-15.16821312354558,15.70877358817399,-1.6973401065643285
324,49,184031,34.2216330780922,1062.451109162987,0.0,172.45158694069397,-14.712550227643392,7.083007394419913,-1.2743962324961662
1092,49,92932,2298.647647166304,3744.8858538522936,240.72,439.95754356126037,-14.548657372451325,24.965905692348624,-5.668713042300197
345,49,209028,102.33146485646171,1266.4311001045007,662.8599999999999,191.4128084524855,-14.39326632045232,9.045936429317862,-1.098923490677155
166,49,14225,3826.941145308937,5187.588302586682,2835.16,580.4344860295151,-13.705701282410434,37.05420216133344,-5.343713911669548
166,49,14103,0.0,278.27765158438933,685.9,87.0996496905985,-13.171529896035459,2.1405973198799177,-0.28217991679093535
304,49,89379,0.0,320.4099938397078,3261.69,91.16404546307145,-13.138454684244593,2.4646922603054446,-0.40583761026096477
306,49,116937,98.2643711515471,1155.7394347937002,1348.7800000000002,173.9242469369512,-12.966734101684702,8.890303344566924,-1.1080299319407245
166,49,14059,8.469661904803662,799.8789786828909,541.35,137.9744644501333,-12.885903684854272,6.152915220637622,-0.8456747038292493
1451,49,70582,215.0962969901805,1385.2777449980276,103.19,196.30687327040874,-12.83979972680133,10.655982653830982,-1.0680822195170265
1409,49,110554,0.0,506.3475247638858,145.64999999999998,107.97078585474924,-12.74134075074681,3.894980959722199,-0.48500579284145856
224,49,94812,0.0,346.94168064469324,342.93999999999994,91.09186625483545,-12.532821820081363,2.6687821588053326,-0.3134667298570025
607,49,131234,230.7779281121216,1371.3379062978538,54.0,192.70304426731835,-12.348723030562883,11.427815885815448,-1.1169838455048324
314,49,77879,40.748714419127666,903.9872429494914,4629.139999999999,143.22533150000928,-11.739246045568919,7.533227024579094,-0.6825075605482949
1069,49,103257,0.0,269.82950980554557,0.0,78.49585739797689,-11.447312537204965,2.452995543686778,-0.6461818787370652
1092,49,71384,0.0,564.4613461360799,60.800000000000004,106.57169905600415,-11.139014320532482,5.131466783055272,-0.5661770690850219
314,49,89143,0.0,225.76279036553603,369.51,70.92974594510837,-10.745214868567723,2.052389003323055,-0.2953065591790627
372,49,79943,1688.9061951102124,2697.0636264559976,918.46,315.3483103040059,-10.142655035201363,26.970636264559978,-2.3539752080585847
1436,49,138095,727.5253385922426,1691.710667177047,52.77,212.77893284036176,-9.690636916146008,16.917106671770473,-4.9241996430155295
161,49,81013,176.3280008580045,1064.4265879213663,1627.57,149.83084530162677,-9.641819224331138,10.644265879213663,-1.8558218975406882
301,49,57966,2532.409431495402,3489.4748528193913,15718.410000000002,392.321731720535,-9.638721430799084,34.894748528193915,-4.3878277487214765
1092,49,71010,0.0,494.17193842187424,1291.1499999999999,92.52747578244887,-9.580062653391433,4.941719384218742,-1.46350789563678
303,49,70818,73.47501500801026,843.7157810065205,458.93,126.69812646569747,-9.40589963667676,9.374619788961338,-0.7012689579918636
224,49,50146,0.0,510.6316069681916,10678.179999999998,92.84211035785302,-9.284211035785301,5.673684521868796,-1.6248076809271923
526,49,116303,0.0,308.11637830288913,233.48999999999998,71.70477549045971,-9.0873639244824,3.423515314476546,-0.9562417778783994
607,49,99630,0.0,365.91931863281513,7.52,77.15269823025596,-9.013503637105432,4.06577020703128,-0.6728367727636441
162,49,264328,742.0530087931879,1635.9495458798974,229.19,204.02712093644993,-8.984925855213374,18.177217176443307,-0.8310197368807685
303,49,89425,2.216627328250317,510.20238895558504,318.70000000000005,90.8121890779691,-8.842655596091243,5.668915432839834,-0.7634628604194051
363,49,103094,1036.639233971942,1913.2988324649443,2516.7200000000003,230.99748298075258,-8.815022163168479,21.25887591627716,-1.1887598741933512
370,49,73920,4330.709998348186,5203.775223414752,2632.44,560.0435431583526,-8.8146712926394,57.81972470460836,-7.342567236204508
461,49,148815,0.0,310.68598924072387,2951.9900000000002,70.57155374080797,-8.778434403719018,3.452066547119154,-0.922535087598972
342,49,156078,19793.01848430794,20639.71566622397,7931.4800000000005,2103.201038464234,-8.717660409297137,229.33017406915522,-12.66246957085553
202,49,211028,0.0,174.5057099544499,553.93,55.89421973862405,-8.54303305403979,1.9389523328272213,-0.38075291770142616
527,49,101247,0.0,253.36557656447036,92.68,62.30891123906763,-8.216078573915688,3.1670697070558793,-0.3502452930529432
547,49,112878,0.0,167.26466180000432,160.08,53.576402355422985,-8.188874705649457,2.090808272500054,-0.4295037020338216
155,49,125217,0.0,268.8838499843723,170.81,62.736490215003414,-7.966245603681373,3.361048124804654,-0.5423423523020834
1092,49,71566,12.51535779617851,532.029343789959,189.06,88.1402549039507,-7.763849005545515,6.650366797374486,-1.4786378505273685
222,49,90168,456.52510538897286,1221.3921911965365,435.32,156.7264941201792,-7.686061111227903,15.267402389956706,-1.7165080879209982
505,49,76897,0.0,180.8099837868599,1995.8999999999999,52.59926801072288,-7.6707265848970865,2.260124797335749,-0.6461818787370652
342,49,75727,1777.4132018277462,2539.2940494510794,0.0,288.44623005606957,-7.67040558021369,31.74117561813849,-3.7373999549362793
371,49,23401,83.04409783080045,733.695108257556,148.25,107.41053481052691,-7.564671996615847,9.17118885321945,-1.8834360195299253
344,49,72451,705.8950110223,1452.8805132271893,964.75,179.07941969029656,-7.509192970572809,18.161006415339866,-1.520076657817848
324,49,128023,3853.515230892764,4591.932635333989,1929.01,492.7511348544951,-7.457304738021366,65.59903764762842,-8.503865312971499
166,49,15063,19.529991569409134,548.8318404913599,569.77,88.36859235394306,-7.441201845512682,7.840454864162284,-0.900587317822778
282,49,186948,0.0,309.300849819549,0.0,63.489737879953445,-7.235478421777455,4.4185835688507,-0.6830301745169497
1349,49,101033,22.106224757661355,537.9098731843333,1659.8000000000004,85.71198649256753,-7.093555372029825,7.684426759776189,-0.9170001435670508
224,49,260429,1398.628066817342,2091.858858554528,1321.49,240.58186103996542,-6.976883374336135,29.883697979350398,-3.3204190996327663
1409,49,123568,597.8227232387842,1286.4161693447268,2249.7599999999998,159.78892221679553,-6.921623396071744,18.377373847781808,-1.256782449413361
626,49,66017,0.0,276.5502246794457,99.41,57.35954991368518,-6.6010060990534685,3.9507174954206525,-0.7826483120989354
526,49,81256,3.3511311584348786,386.3819203782507,57.11,67.30037367828004,-6.369373697878883,6.439698672970845,-0.4694552235326766
626,49,70237,3244.568866374565,3821.1190882579613,870.99,408.3251313527858,-5.825160561553243,63.68531813763269,-8.234258358398089
1329,49,177120,2304.13324511657,2880.565280942501,1859.0800000000002,314.21848698314255,-5.813768641976101,48.00942134904168,-7.474735822506096
666,49,138874,639.6375031862442,1216.1296693974039,1825.03,147.69636364901584,-5.796310379838991,20.268827823290064,-2.092334077416472
283,49,44907,0.0,314.78057742714,57.02,57.31247401241393,-5.740981393266652,5.2463429571189995,-1.6029880897622955
526,49,58470,0.0,100.26751801989184,0.0,34.63786986141717,-5.469137346539553,2.005350360397837,-0.4690415759823431
481,49,58437,64.6041275941168,535.7650615750827,1400.54,77.95887563141103,-5.418304327533949,10.715301231501652,-1.2402612716871066
481,49,90246,0.0,184.12934737151176,4.65,42.773449799209956,-5.413447791568617,3.6825869474302353,-0.5812786605214689
363,49,115281,405.6725306727831,936.8459943819396,1878.4299999999996,117.70858132181156,-5.338662640803912,18.73691988763879,-1.801043560855785
166,49,73948,4714.920065067621,5240.299786261967,3125.64,548.0025626871633,-5.327240902437025,104.80599572523934,-9.336497480825816
161,49,104543,0.0,124.93978046337953,162.81,36.346117952983136,-5.300475534810041,2.498795609267591,-0.6461818787370651
1349,49,100904,0.0,135.24944789744654,308.22,37.19267128207957,-5.259494776074425,2.704988957948931,-0.4222129565847519
365,49,45230,906.4353188048153,1429.023572930267,3291.6000000000004,166.56281929410554,-5.257880444684192,28.580471458605338,-3.2281151331809728
1437,49,98202,0.0,207.20740727124453,196.35999999999999,43.64081874686243,-5.0933506710528835,4.144148145424891,-0.6319143261448961
166,49,121312,2.042291575677869,298.54759943623793,119.88000000000001,52.4830138160349,-5.028500860535802,5.970951988724758,-0.6253173386641054
341,49,40078,50.843317903701966,468.34478115248834,720.73,68.82403305457558,-4.886567764294831,9.366895623049768,-2.1349291126221654
527,49,65171,0.0,130.911576060539,339.92,34.8689864054691,-4.839517510981156,2.61823152121078,-0.5675223571136977
156,49,161899,0.0,130.33440735531687,2150.0,34.75417373210928,-4.826829554795021,2.6066881471063374,-0.5859769826850433
325,49,84197,0.0,100.59827192627878,259.24,31.231035184639243,-4.7047128871136366,2.011965438525576,-0.36018386559950755
461,49,85373,0.0,144.9736773203844,0.0,35.319946829737546,-4.627239799488689,2.8994735464076884,-0.8038376968270092
766,49,100756,258.14534802734715,717.7932834817657,4179.86,92.56380793872465,-4.618773242344019,14.355865669635312,-2.6949882020825764
163,49,127725,0.0,247.03872799245892,81.12,45.2930758519285,-4.57537845615169,4.940774559849179,-0.633557173240957
166,49,14683,0.0,132.68327209850466,62.85,33.79521398651768,-4.5615303948149375,2.653665441970093,-0.45833588493848343
161,49,18413,11565.79461886111,12006.231406824056,15281.3,1221.0916199008718,-4.548550937436946,240.12462813648114,-17.490207334241756
341,49,38727,112.51376215560255,545.303981300385,0.0,74.94447188767089,-4.536460835029421,10.906079626007699,-2.9067966460705983
607,49,140901,763.275176611069,1207.5514274054165,0.0,140.86962922143402,-4.469885884642752,30.18878568513541,-6.324015789001567
1409,49,132135,150.75378543880686,573.0452153190663,776.6800000000001,76.62432263543431,-4.293289134117261,14.326130382976658,-1.0311041462038164
646,49,63877,861.4374774663567,1283.2666222172165,1150.3,147.4315386315904,-4.2455280910819475,32.08166555543041,-3.0236727886785064
202,49,100936,0.0,118.72693799489818,79.94000000000001,30.49557448461062,-4.138417930026845,2.9681734498724546,-0.6380686730359983
301,49,117194,256.72311882632135,666.8090859218951,449.69,85.225571998643,-4.121036312545221,16.670227148047378,-1.2024681063421592
421,49,96701,0.0,195.28957772528472,77.1,36.85921134858764,-3.8511674613464826,4.882239443132118,-1.0580770177737422
222,49,104402,0.061742629200818834,212.1360049263506,0.0,38.515814393649514,-3.844936422447656,5.303400123158765,-0.8865551024472541
381,49,68881,602.2876151734264,981.2675176502622,766.31,115.2825805075806,-3.812406387234305,24.531687941256557,-2.1722370222732517
1436,49,98145,215.96117884717054,594.8651060292649,1338.52,76.62004112916354,-3.8074512280526784,14.871627650731622,-1.6030162066420193
526,49,118433,305.11064819162976,681.5284334293284,3302.54,85.17837632489807,-3.783451773770051,17.03821083573321,-3.6973517112078564
160,49,130536,0.0,87.52890590007961,0.0,25.462954443659523,-3.71334752303368,2.1882226475019904,-0.6461818787370651
168,49,164040,458.230784981825,806.4993798860651,36.79,96.41086261279719,-3.502427694264597,20.162484497151627,-3.122058932567494
1092,49,84772,60.58968612421984,372.8876693290709,440.78000000000003,52.596203677954264,-3.401652610010483,12.429588977635696,-2.6255538787008015
1435,49,214649,1495.2992503010614,1830.4087425495045,1567.97,198.2577694628446,-3.381532268420928,61.01362475165015,-7.50446950704554
221,49,91062,0.7862159454234063,194.44427072560055,647.13,34.661190518176866,-3.3815029879148466,6.481475690853351,-1.1685190290442027
441,49,191369,383.5486761853236,712.8106190979545,1826.2700000000002,86.1794132339316,-3.31074473869692,23.760353969931817,-3.3170032921873007
27,49,111921,0.0,110.25895707893565,49.9,25.668641945818084,-3.253943608427671,3.675298569297855,-0.8220007081252733
163,49,57235,264.90285888004826,576.458972999013,3199.5899999999997,71.73831380463706,-3.131648112163502,19.2152990999671,-2.541006028238847
1437,49,201688,0.0,141.7911829462228,84.42,28.252207028444253,-3.127353051960439,4.726372764874093,-0.9688255052112658
222,49,121577,0.0,154.35942604386955,428.75,28.065350189794465,-2.8065350189794467,5.145314201462319,-1.6248076809271916
1572,49,142035,0.0,153.03599413461964,0.0,27.824726206294482,-2.7824726206294486,5.1011998044873215,-1.6248076809271919
159,49,17929,248.7690684552788,515.6226708621216,985.44,63.63375192546934,-2.6825521865015967,17.18742236207072,-4.5859889810273975
154,49,16383,0.0,123.07834339326189,320.39,24.36721328820264,-2.679861988639212,4.102611446442062,-0.8856476966021226
461,49,90555,0.0,88.12537667997967,0.0,20.829634487995193,-2.6704659599993836,2.9375125559993225,-0.947417542586161
27,49,67687,0.0,143.34902929974137,109.10999999999999,26.063459872680248,-2.606345987268025,4.778300976658046,-1.6248076809271923
606,49,90062,2836.891899450189,3092.4202605851606,2207.26,320.92809523864986,-2.596904262251955,103.08067535283868,-10.44677401928366
166,49,89468,0.0,116.11986849040763,150.29999999999998,22.798636012627718,-2.4859220363526564,5.8059934245203815,-0.6524067893604464
547,49,73447,160.58507481457377,404.40106083594566,110.28999999999999,51.466195661110845,-2.450242128336951,20.220053041797282,-1.734917431493196
224,49,185088,0.0,61.9527648837378,75.86,17.081095239052164,-2.4190708334840854,3.09763824418689,-0.5920370082511497
481,49,97213,20.29885533184569,219.8789672018568,2508.8199999999997,32.839632734281714,-2.4114968920213413,10.99394836009284,-0.8179377238599471
322,49,20445,0.0,96.1252630757725,57.760000000000005,19.87816766534698,-2.2812536350599393,4.806263153788625,-0.6878418045294664
1451,49,70574,1.2246039187981415,127.38851645402715,1048.12,22.08320664447084,-2.07652333312625,6.369425822701357,-1.1004657593690959
344,49,126313,209.9142171871899,408.6600588981937,735.95,49.857746819096214,-1.9981646509504103,20.433002944909685,-4.065530502825278
202,49,38618,61.25571683876198,236.0961938167619,2589.85,31.621671542250382,-1.780456035683154,11.804809690838095,-2.621069437076586
1436,49,117550,0.0,84.56927008803744,0.0,16.447802662602996,-1.7757501452887223,4.228463504401872,-1.0722946060190988
82,49,83636,7.771643289080091,141.96400738905106,40.7,22.18023839871092,-1.7741861466235143,7.098200369452553,-1.5782543599922798
304,49,65193,279.03840560731203,447.4397191150266,7479.8499999999985,52.36779369862443,-1.6941826193603933,22.37198595575133,-3.142763055021546
156,49,44353,0.10698598899792279,89.88400657905731,221.23000000000002,16.248338668578366,-1.6133195579272521,4.494200328952866,-1.2498652577541263
526,49,68274,93.76060532405386,249.5473896795209,17.71,31.99945229015236,-1.5654918493778376,12.477369483976045,-4.680842288621003
381,49,9444,12.482847903426201,134.53663733056214,129.14,20.083740125842713,-1.4733503095081109,13.453663733056214,-1.2789306337870758
607,49,34609,62.020361690826675,202.9924145217787,2112.3100000000004,26.68399672859396,-1.418834505870242,20.29924145217787,-2.668835039589928
1433,49,129358,85.81625749065944,216.20127914783782,17.81,27.516526436997545,-1.310310782714169,21.620127914783783,-4.941659640242333
303,49,72250,42.35997203646331,170.20525482347122,846.03,22.906493268516897,-1.3079928413710613,17.02052548234712,-2.6189264225209463
1451,49,100382,62.84490339128114,188.5905605032865,2283.11,24.544676093328945,-1.2634711206667326,18.85905605032865,-4.3817847181385225
166,49,92796,1224.2340751834954,1345.396710326377,127.36,140.07489265069697,-1.230049248457614,134.5396710326377,-10.945166823309382
202,49,69536,30.31456772029832,138.66283618475015,2402.68,18.930638058156923,-1.125412097707091,13.866283618475014,-1.1889312264215177
626,49,56762,375.93265162415383,476.32814674501526,1004.31,52.18812821713209,-1.0122918983623481,47.632814674501525,-5.649061393716964
526,49,55310,47.2939377669331,130.0928669935087,593.98,16.753348874197577,-0.8320138166326014,13.00928669935087,-2.062115866122296
324,49,17514,30.973917356372038,102.00067106204558,193.0,13.418195130906609,-0.7151395610449,10.200067106204559,-2.886638740357985
323,49,77821,0.0,23.21263744557263,172.66,5.486623396226257,-0.7034132559264431,2.321263744557263,-0.9474175425861613
766,49,59997,644.9499475945439,714.2554885861429,556.8599999999999,74.58901788308559,-0.7029931165491767,71.42554885861429,-13.978616787580767
304,49,94300,0.0,12.341873893310389,0.0,4.2635564358708615,-0.6731931214532939,1.2341873893310389,-0.46904157598234303
546,49,118999,2123.1925925448654,2187.356162774264,5813.01,221.73889988717812,-0.6673963577226082,218.73561627742637,-41.099997617172626
502,49,78370,0.0,12.778879927092284,311.45000000000005,4.15599429683127,-0.639579178693787,1.2778879927092284,-0.3008146981514591
481,49,51122,676.029571203297,734.5715189989842,743.5999999999999,76.13572281916537,-0.5952379820593198,73.45715189989842,-18.996981620560263
154,49,237608,273.0818519810981,325.0478205805469,36.71,34.86650251798043,-0.5248267688723872,32.50478205805469,-6.239804465254362
381,49,58012,183.9578348700154,235.99320414761328,96.5,25.959825106005475,-0.5245565980542549,23.59932041476133,-7.031468952368199
504,49,166258,701.9731826753738,749.6164388741435,4744.33,77.14896069368211,-0.48607040139283864,inf,-14.71166560363409
314,49,75737,165.18256702251588,209.9762022203647,126.07,23.029948082225523,-0.4516284133753455,inf,-5.465732839328313
164,49,76653,378.4506917377016,410.4440783776369,706.62,42.50869594106489,-0.3253973562891556,inf,-26.29993641838567
303,49,55333,34.183038097492386,63.96131360203732,0.0,7.743505698172134,-0.2994165195485337,inf,-4.3261272569948925
162,49,64824,55.24627359142572,84.66677127982632,188.0,9.79891173325601,-0.296052134505195,inf,-6.800382427529524
504,49,228630,0.0,5.291593714869155,0.0,1.8280051015002532,-0.2886323844474084,inf,-0.46904157598234303
324,49,17343,0.0,13.120882071706227,101.51999999999998,2.3856149221284046,-0.23856149221284048,inf,-1.624807680927192
726,49,88431,0.0,5.396590196110911,0.0,1.5699171479595377,-0.22894625074409924,inf,-0.6461818787370653
122,49,28154,0.0,8.147779474897204,0.0,1.7200414082418054,-0.20116965794490776,inf,-0.7603561283470313
314,49,57339,2.0631426343318884e-16,10.675679398236303,373.03999999999996,1.9410326178611461,-0.1941032617861146,inf,-1.6248076809271923
221,49,75589,0.0,7.725568190089961,0.0,1.4046487618345385,-0.14046487618345385,inf,-1.6248076809271919
1472,49,251668,430.90174665236856,440.9423102762877,3560.81,44.56901398223241,-0.10550732324525428,inf,-55.286376727436654
607,49,87522,0.0,2.5184087581850925,430.70000000000005,0.5952602519346581,-0.07631541691469977,inf,-0.947417542586161
160,49,133115,15.868194928025346,21.611821937283253,59.0,2.4215163591327884,-0.057852036756547404,inf,-7.556383741479533
282,49,55321,0.0,0.7006099552845746,366.18000000000006,0.16559871670362672,-0.021230604705593167,inf,-0.9474175425861611
202,49,99398,2046.2635207437784,2042.4122770169597,0.0,204.1671085278477,0.01647092752184445,inf,1866.9682158035198
1451,49,70840,26.927872360302068,24.883794257079497,0.0,2.3973207529174143,0.020235260620119003,inf,24.623542918398588
202,49,37706,486.72015849691616,483.81786638587306,411.51,48.27439682179655,0.023864403731279082,inf,241.19785705430837
461,49,52947,100.93867837505219,82.09118257641552,0.0,7.362313153460763,0.1881789120401756,inf,12.206499405221999
1092,49,72378,168.89605754769167,147.38862875997404,469.95,13.775171627410934,0.21415361079699324,inf,9.954038724078117
224,49,70268,196.28793416622486,174.0934235954775,2431.76,16.41593889292258,0.2207563259167048,inf,17.505146494276673
607,49,60355,83.05293479608923,59.521543643149535,315.74000000000007,4.892806733540301,0.2354105846165896,inf,6.253120102356667
1436,49,197308,156.24747579721992,110.37685944086581,4430.5,8.972384258895616,0.45895593004243673,inf,3.492257031252951
241,49,66456,6145.171529575308,6065.1111605224705,120.58,603.1931979527204,0.7373151332281429,606.5111160522471,88.19006941252478
365,49,102189,118.07147369276367,39.832352525627776,58184.670000000006,0.4533096224951354,0.7844279177928093,3.9832352525627774,1.2943298345022758
502,49,61803,283.13780787742843,201.7191477059148,22.0,16.506363524735963,0.8145669435234476,20.171914770591478,4.541865339527609
283,49,67538,1006.0648888539939,902.2564946804227,295.67,85.58358892966925,1.0315690085273386,90.22564946804228,13.182870191164124
224,49,59956,134.79246042557725,30.083686441482417,302.82,-1.7169261912538665,1.0500655189782462,3.008368644148242,0.6641550096956675
527,49,94837,254.91052749211292,145.46949969602647,320.41,9.613666156574016,1.09628529178414,14.546949969602647,2.601534256845127
1069,49,71286,1377.3220572517566,1262.1734380617265,936.74,121.0809380072135,1.1414235108798108,126.21734380617265,11.742452412350024
306,49,113816,226.83029525517912,108.35468615691957,174.54999999999998,5.492533334904489,1.187318951286104,10.835468615691957,0.9814238304823271
926,49,82239,180.71873494288923,59.59861878452559,294.68,0.4951674271407116,1.214376544735966,5.959861878452559,0.640083177009116
154,49,115860,556.992777980762,431.2413865291618,457.0300000000001,37.4685269616402,1.2568025980613287,43.12413865291618,6.8247289421223645
168,49,87831,816.1756297006604,671.8064811581049,488.06,60.69634067603763,1.440957208838415,67.1806481158105,9.480785036084477
224,49,83305,312.610196838878,163.28724135549203,3166.33,9.595960259548841,1.4961697502223024,16.3287241355492,2.4699965141511613
441,49,105763,2866.1187484701204,2708.9645271354143,7015.209999999999,263.93447858426435,1.5471053620615665,135.4482263567707,16.836470760616823
324,49,17542,301.1457887014028,127.54299686742564,104.33,4.923749910039101,1.7401221726007696,6.377149843371282,1.2444404999745224
322,49,20453,1812.6066177764508,1633.1149581172153,4317.72,155.2886298060874,1.7828591123631392,81.65574790586076,3.7994832826433664
507,49,30435,1072.666219328592,878.4531644914673,717.1999999999999,79.12104603757886,1.9387267581261936,43.92265822457337,6.925724396065057
303,49,104228,6175.708018979205,5972.896402171237,3721.7100000000005,588.4259818703351,1.96970185484192,298.6448201085619,14.895774807047856
168,49,69251,253.94663072205793,41.6063651695938,6421.5199999999995,-5.422796840298378,2.129651857168391,2.08031825847969,0.46019864594093757
507,49,70033,389.1813844633785,158.26211219037094,92.6,5.409780725812075,2.314762331827782,7.9131056095185475,0.7121512375108918
325,49,105417,540.1298766125468,307.50200012440007,64.98,20.263927281952036,2.3302828289973276,15.375100006220004,1.5037888384009537
283,49,66203,325.680661210333,85.75901254959214,2279.69,-2.2504549683326456,2.4058569385093023,4.287950627479607,0.8227986507171403
314,49,59786,1066.08347495223,824.3021595551695,2639.13,71.55597468528798,2.416498060050885,41.21510797775848,3.6272045616760287
1092,49,142134,377.75590900257276,134.26337014456473,696.53,2.441152184446631,2.4411521844466315,6.713168507228237,1.624807680927192
82,49,121409,340.7089392954023,92.88229736170967,74.97999999999999,-1.8946258832211207,2.485079026531575,4.644114868085484,0.475844210228691
155,49,94567,372.36922136126253,115.95565238893772,191.7,0.026205229796197216,2.5709688909105726,3.865188412964591,0.49692547787866304
1409,49,118334,2686.542852785479,2408.7730431949385,5045.44,228.45584211419563,2.7603249345107117,80.29243477316462,6.549707940800697
365,49,47957,520.2944188619538,243.8142258218234,2308.0299999999997,11.912458458125396,2.770880916457099,8.127140860727447,1.728387722215169
161,49,73225,985.7694308907057,704.839227935173,2766.1,57.83658876421757,2.8105186731777168,23.49464093117243,4.47469790444499
281,49,44526,428.59445814773494,139.05287027652435,589.2300000000001,0.8415897348120431,2.90304384285342,4.635095675884145,0.8870511020797948
156,49,54890,1673.1204904488536,1364.9426132023725,2858.01,122.64914639630942,3.076692205317298,45.49808710674575,4.165502917233328
161,49,213608,944.8608077537882,619.1850423514591,294.91999999999996,47.24708325396976,3.260315773594699,20.6395014117153,1.8244251154659623
305,49,154617,5296.575670977375,4962.975314556662,3372.1899999999996,481.4804915643529,3.292675531402959,165.43251048522208,12.302710664854777
301,49,93476,541.8968177634523,211.34381567649393,45.5,6.222876925171896,3.3136676983283326,7.044793855883131,1.498514568596024
1409,49,192408,1004.0592100910497,663.4841243911821,126.73999999999998,51.006569468694366,3.4092984378719673,22.116137479706072,2.6423321825610504
606,49,72252,892.9423006757186,547.2209196937886,911.34,39.142257632752816,3.4621854081391215,18.240697323126287,1.9002438134800865
1409,49,137674,827.9177758719345,476.5227614925254,607.6899999999999,31.812870348576606,3.519867955705762,11.913069037313134,2.9703209612924746
606,49,214231,7694.824009013486,7333.4878350259605,330.45000000000005,717.3954484845657,3.5451855595622885,183.337195875649,13.517562167523701
646,49,54468,489.36730892002254,116.7479471373148,562.24,-5.140288934320083,3.7366852551225698,2.91869867843287,0.5195375848382662
162,49,70043,8737.320373593855,8281.155527535953,5783.85,807.9277373341731,4.48618120431606,207.02888818839884,14.67324543590687
163,49,58934,729.9339683571062,264.63541084758447,2975.5099999999998,5.471954381158113,4.664797045244518,5.29270821695169,1.1215871049341455
1109,49,11072,1372.666457878287,906.4733513294183,1317.23,69.64670848628852,4.666805921478514,18.129467026588365,1.6073358169417153
766,49,77245,607.5032933833883,113.70570301333329,273.51,-10.914889945449682,4.952324499285114,2.274114060266666,0.4919090346245801
1092,49,101668,1094.9778307203683,591.7431726676209,130.98999999999998,36.4861920758303,5.041805597984841,11.834863453352417,2.11835494191546
527,49,186528,1797.119000296846,1273.8812640384533,1675.1699999999998,103.83033188524952,5.235065448576846,25.477625280769068,2.859902359031572
168,49,83565,801.8436032079089,266.01625518861465,711.6299999999999,2.4262953223250214,5.372295599230321,5.3203251037722925,0.7405848248257154
1449,49,119007,2295.0235155261253,1752.9360603760535,0.0,150.90829031666306,5.418959049098285,35.05872120752107,4.724801110884867
766,49,204290,1997.307982995073,1447.5042457157165,1772.45,120.00186577602054,5.499679732344689,28.950084914314328,2.9651278287532574
370,49,47822,3346.27913544099,2785.7223960630686,3598.18,253.40361570725045,5.593027533123652,46.42870660105115,1.8813923874827225
1109,49,58525,984.8520354166324,400.69691902630836,0.0,13.719326042408504,5.855636857827185,6.678281983771806,0.9032487092408563
1092,49,225328,1747.5406752015297,1135.9269847043747,950.5300000000001,86.03869981018926,6.123110813388493,18.932116411739578,1.6546868918270354
402,49,113914,2942.940201920156,2291.93524452999,3.6,199.91777448502074,6.50572221510628,32.74193206471414,2.841670724842266
166,49,15051,1940.2029975678759,1281.3580408554883,999.28,98.4567930218094,6.595335791942098,18.30511486936412,2.4308180112175073
1289,49,169921,3570.970379494384,2904.2549151464837,3877.6,260.4704381605652,6.656678523129587,41.48935593066405,1.9818418617499889
372,49,129357,4163.454350950106,3439.534456641795,1044.0,311.4422081276332,7.224719452565843,49.13620652345421,2.2046388411847397
374,49,61558,2216.40242901278,1476.7788030204356,2383.74,114.36190090516507,7.403550977084105,21.09684004314908,2.4062675226696797
1329,49,88148,18283.173794321698,17525.56753474952,7012.28,1719.2126854828787,7.409792887127429,250.36525049642174,27.923376234163047
374,49,73757,1207.2069149411595,431.9464694326084,566.56,8.218929567713019,7.772381639010627,5.399330867907605,0.7017031644247054
1451,49,71552,5072.81342238816,4289.478885918591,909.7,393.7960589669226,7.811517694430335,53.61848607398239,11.909629370482001
1291,49,127906,979.3515009714673,194.69738923232464,154.41,-15.941612553381972,7.86918921702543,2.433717365404058,0.32163554458952537
402,49,257868,942.1923432636136,146.33795372171076,87110.31000000001,-21.285520541339746,7.982070203002404,1.8292244215213844,0.469041575982343
324,49,17369,1481.4807645309377,671.4846219684969,3911.59,30.616402820599546,8.118235416944477,8.393557774606212,1.6090813683429512
1449,49,128299,1434.8684282499823,619.7203812965374,453.2199999999999,25.204883750248555,8.17047875097893,7.7465047662067175,0.5136854904483522
370,49,47769,5548.111232654115,4704.546155998319,2614.2599999999993,432.60412698972556,8.411219691134738,58.80682694997898,3.1509689319879253
168,49,12517,4893.619255044392,4007.875993423207,1871.1500000000003,360.99908362821395,8.841892380912613,44.53195548248008,2.4334583306709163
363,49,125572,1663.6119373635643,753.4103729200204,1025.27,34.28950493396735,9.122562746229931,8.371226365778005,2.196837726317014
1451,49,114481,1376.9500341607175,467.0024451230086,757.9300000000001,5.646191436192517,9.123122905801855,5.188916056922318,0.8788193908238826
646,49,59258,1259.7503969467907,301.7991348549533,740.0,-13.049188672199708,9.606467146154452,3.017991348549533,0.4140669664613301
324,49,17730,3623.8781128137557,2622.6303130704473,184.3,217.19276593371103,10.015614527407488,26.226303130704473,4.644139954491432
1092,49,71009,1307.3229371460022,307.5794325465315,1439.77,-14.357462208942543,10.02564565857682,3.075794325465315,0.3266164052978964
526,49,289788,1296.201987985795,290.28066178325753,1068.2700000000002,-16.3670632526538,10.087806540217677,2.9028066178325753,0.43882286111369223
363,49,107022,2178.6960574503682,1148.814206883799,639.1500000000001,68.44658850326091,10.31885159669311,11.488142068837991,1.3581550727282248
461,49,293808,1350.2561412878547,286.32366172911554,4153.230000000001,-19.381696182418153,10.669791634517713,2.602942379355596,0.38830997548829105
504,49,103697,14678.00788591747,13598.197036246567,220.5,1311.7388961574773,10.684623881595444,123.61997305678698,3.1854398701870794
324,49,90019,1784.1520169586247,694.1333955219023,36.38,20.24161037101976,10.927050929148995,6.310303595653658,0.8623322961281864
526,49,3910,1931.7045635058782,795.645099401819,2954.6000000000004,28.319361819826163,11.387810693412387,7.233137267289265,1.1478420214780836
526,49,45448,1903.0265901166601,743.4215678105426,565.8000000000002,22.03156484156603,11.624575986552939,6.195179731754521,1.0861353462331307
156,49,68484,6277.05350769308,5077.7398409628295,257.28999999999996,453.88251486035404,11.975882052428652,42.31449867469025,3.166831799778421
365,49,84110,1635.3739980330395,396.7504713553257,54.72,-16.219526826583653,12.421016436025829,3.306253927961048,0.6811235750012645
324,49,13415,4622.909445645432,3297.1525619408417,1600.6999999999998,270.02893836625395,13.263626183962279,25.362712014929553,2.7660621998587067
160,49,58489,1818.9294988686356,490.67054977017324,1965.7300000000002,-10.869255313423302,13.31918006454236,3.774388844385948,0.7848463908314771
1452,49,121704,1706.076337302607,357.78112017869785,435.43999999999994,-25.069164723772232,13.521617053698227,2.555579429847842,0.4700390100484249
481,49,60034,1896.327748049723,545.7160218107573,1263.1000000000001,-6.371069314520646,13.542815887910306,3.897971584362552,0.6296552027431498
1291,49,137175,1764.650153747329,373.8129660769763,0.0,-25.385627069121945,13.948205261515461,2.670092614835545,0.4621857992173245
374,49,66322,2125.015100402211,719.0942841998763,1328.21,8.478460070393709,14.095770744354203,5.13638774428483,0.5729341649967871
325,49,272929,1989.7744472834117,579.646591116874,838.9000000000001,-5.663032866224469,14.139487106202637,4.1403327936919565,0.6453413053987118
304,49,119078,4193.058265271112,2778.957945093235,966.38,214.19617281985228,14.155471486549168,19.849699607808823,0.935515393863903
168,49,101102,1810.8419017764302,397.02064300887446,1974.42,-24.10127313672767,14.178519430581137,2.8358617357776743,0.22728149558234476
374,49,79420,2802.843421886277,1385.2133613120275,77.93,74.59431650187518,14.206004362072795,9.89438115222877,1.2565548785194829
154,49,295090,1828.5022879767112,367.1440175720188,1501.9200000000003,-29.236310550126134,14.655713846072894,2.447626783813459,0.5257951327375883
1436,49,121835,3577.992190181337,2078.5771593586023,15.48,140.27261674640533,15.01891093098998,13.857181062390682,2.065563668086037
1451,49,70896,5800.976422898272,4296.389452742169,1931.1399999999999,361.9286730790576,15.04672715447984,28.64259635161446,2.183235283242089
303,49,65763,2069.563528615798,544.1030419680098,540.8299999999999,-14.425469450153024,15.296838588212001,3.6273536131200657,0.8388851781418445
221,49,91597,5150.751950787271,3566.9947310246444,17515.600000000002,285.3796799014293,15.848842933563363,22.293717068904026,2.08502428789236
322,49,176420,3410.1288364844304,1769.7005017447623,0.0,103.00424504489284,16.436845584351865,11.060628135904764,1.3643297566240022
166,49,15092,2577.681078624299,932.5973913943054,2618.9600000000005,19.0429052218455,16.49262975946334,5.8287336962144085,0.6108302812368276
481,49,163277,2420.834605240185,744.0671869518694,1222.03,-1.2495885052048692,16.81251271119818,4.376865805599231,0.979828672466491
303,49,74594,2733.4926127641083,1041.5569377360832,434.03000000000003,27.829187888324114,16.96144575228538,6.126805516094607,0.8873436864248265
1409,49,100574,14375.814108959814,12661.727524929947,12314.5,1189.413738444325,17.057558677482167,74.48075014664676,2.180616548246725
221,49,74982,3093.110085091382,1361.7469400194227,7825.62,58.08398841850351,17.353490129653057,8.01027611776131,0.6604462016892898
1572,49,129999,3223.693851377244,1461.1996781715711,1179.0,66.62880165520359,17.66470359154523,8.117775989842063,1.000415991558922
766,49,297508,2247.45272467255,470.6838990177611,6734.01,-33.115530865318604,17.81864905935438,2.614910550098673,0.49612546223268894
363,49,55687,2509.698735693247,715.578404119791,911.47,-9.39740357769935,17.990054219928545,3.9754355784432835,1.0590204777708465
626,49,71789,7980.879364498798,6175.666292071345,6632.85,536.3772599603137,18.04208205484906,34.309257178174136,2.3018922162930204
374,49,102673,4022.898667151758,2195.0257746391267,999.09,137.09591860974666,18.312590856481336,12.194587636884037,1.781069356385996
626,49,201908,4240.84238554117,2401.257832731988,7596.29,157.20050719006014,18.42783912958637,13.340321292955489,1.5633498359872708
161,49,67353,2290.756494516681,407.38972360902494,129.81,-44.26008398210391,18.888679187334755,2.1441564400474995,0.3861271160556693
1451,49,102973,3325.885217683453,1410.0159386397322,2637.6700000000005,54.58426873895512,19.2038500277818,7.4211365191564855,0.7510880094801826
607,49,77826,2694.5672750196077,732.6754163983228,414.34000000000003,-15.260410373125737,19.67287822510178,3.6633770819916136,0.5701509279766648
166,49,15115,3005.7314429803428,1001.3020855357729,759.94,9.695146006283323,20.096680566065327,5.006510427678864,0.7418604895488734
325,49,6669,3248.63211666776,1172.028235078186,336.20000000000005,23.517995108312476,20.81885075544581,5.581086833705648,0.8501805876023423
168,49,51286,6967.82625665865,4875.1423880627735,260.51,393.28435552114354,20.93997406336308,23.214963752679875,2.7591779594672143
382,49,22307,3397.3720404356936,1230.9633894840358,6853.43,25.360421200351013,21.71909283290057,5.595288134018345,1.6476931805633783
1092,49,70404,2954.834013108138,640.2930918164959,2042.78,-40.42243927008984,23.211499655942095,2.7838830078978085,0.5316786564082215
161,49,18277,3121.382837867673,806.0359192682736,24.94,-23.876447417534138,23.217786520969224,3.504503996818581,0.9519413446802905
607,49,115011,4353.220733206912,2010.105655386131,8453.490000000002,95.3358121611768,23.483278528319175,8.739589806026656,1.562509899149498
381,49,84180,8188.26470629021,5680.79691075168,3068.16,455.1649714024774,25.09215992726459,22.72318764300672,1.6289604325456501
168,49,125744,4270.141141729411,1755.1575273245667,1322.1499999999999,62.07005978921144,25.210153987387827,7.020630109298266,0.6060907358695125
82,49,8481,17846.52262875183,15159.809049642728,8038.719999999999,1395.437544130433,26.787413518631073,56.1474409246027,4.125003507724775
647,49,88573,4546.280408209865,1823.9494995179275,2552.2899999999995,59.59254388760989,27.28942356981841,6.755368516733064,0.7941653432291198
371,49,68697,9377.107959609388,6632.32608382606,4280.37,539.6515200482459,27.462464074302247,24.56417068083726,2.2198752801150996
314,49,88100,3615.7183800896964,830.3911674050155,132.93,-42.65558547442116,27.932156047760603,2.9656827407321984,0.4555549826815813
367,49,24225,6902.084071799822,4089.300936216243,27395.439999999995,282.1551128952212,28.172217939200685,14.604646200772295,0.7514605439669586
168,49,55668,3622.6834935268234,776.1233585184638,226.22000000000003,-50.84919313717876,28.54700644200559,2.6762874431671166,0.34550937918716423
381,49,8399,3965.5964811646054,1077.2280048999396,2379.16,-22.611337457333335,28.963141766072734,3.714579327241171,0.5951410259390665
1432,49,274671,6083.583833838416,3157.9210273248946,2358.7099999999996,183.87602697543474,29.314683501567718,10.889382852844465,1.18903663874235
160,49,29070,6031.392402933025,3086.8277749030212,2390.63,175.90996405935635,29.50506965132128,10.289425916343403,1.1830569583886206
507,49,67731,8144.634418349908,5193.62510768064,2556.2799999999997,386.4016491414896,29.546858139238754,17.3120836922688,1.6247904847371515
766,49,94058,5676.674970331122,2681.9568579278275,313.38,133.13907320448084,30.0125805751782,8.939856193092758,1.1208337331426883
321,49,20559,14712.985224725866,11694.240545856115,1515.43,1033.722916341604,30.155808498668314,38.98080181952038,5.086154472413021
370,49,110683,4837.474270778844,1789.2120907785004,2676.5899999999997,41.40391608836694,30.55939844210736,5.771651905737098,0.8318647136402463
282,49,53004,5824.453150020058,2767.322540389698,915.28,138.8623847894328,30.637748722119337,8.926846904482897,1.616466666284684
1449,49,118723,5359.204806861513,2293.1861065525472,463.78,91.02436247623879,30.732055150892432,7.397374537266281,0.37260858061964625
156,49,72195,9460.240233676353,6376.1426671788295,13929.55,498.70327844745697,30.86910850453911,20.568202152189773,1.0200446707187147
241,49,52806,6576.062261937106,3485.989241224949,5706.6900000000005,209.27706187303093,30.96041383321422,11.24512658459661,1.1554154313560485
1451,49,176020,5579.021300107804,2430.741626343602,2732.72,101.07320630556828,31.55576807306488,7.596067582323757,1.5468449978936827
526,49,89516,4389.394101980674,1204.8050649684683,4910.62,-23.219391340488926,31.93331063051906,3.7650158280264634,0.3193426154720251
766,49,60639,5521.309312117527,2306.070699851432,1483.2299999999998,85.57736516173912,32.22882329408979,7.206470937035725,1.165660867090654
1472,49,265088,5607.909791374698,2242.483445288616,115.53,72.43575942179646,33.736130023792256,6.595539544966519,0.7086030418192908
281,49,295531,4250.429626411904,808.1361104913794,1739.9899999999998,-74.53895319390462,34.52279205400946,2.3089603156896557,0.605011011518174
526,49,220428,5346.535260635586,1892.2181752580718,4775.58,33.379422422707165,34.631643356244446,5.406337643594491,0.8600673832574023
546,49,126208,22735.111624220997,19087.02880656197,20782.350000000002,1744.9531574283506,36.388827383965896,53.01952446267214,5.761685458274772
341,49,39564,4820.2838681463345,1167.6708869547392,1597.3999999999996,-48.06216106751478,36.62872216955304,3.1558672620398354,0.42150805546979175
306,49,99757,11657.295232908957,7940.334127091232,5352.4,626.6300777435317,37.200741103464786,21.46036250565198,1.5745904619812132
626,49,75060,5114.250063740832,1351.047138829372,4173.48,-34.70783302325597,37.736121534709596,3.555387207445716,0.6106325921547068
1409,49,219390,8870.512764018147,5071.284281673863,301.16,335.87127949996216,38.057144148316475,13.345484951773324,1.3861818074562955
526,49,86184,7474.953066879774,3622.451791201415,2730.8299999999995,188.51244141851137,38.60727504480669,9.288337926157473,0.9359563900036678
305,49,101064,12305.15791632449,8378.146255643567,19745.760000000002,660.9505666197648,39.30312420990931,21.482426296521965,0.6311712611588428
527,49,120737,8209.831134757256,4252.418711723815,11111.25,246.80399618523467,39.65286110825486,10.63104677930954,0.5276063430404008
766,49,283669,5076.216541085799,1024.5982137719966,5256.76,-80.38831561973495,40.632919332652136,2.4990200335902357,0.3388547894655455
374,49,240188,8290.820696767389,4185.883802260799,4390.990000000001,233.48770601608254,41.13348315777719,10.209472688440973,0.970446324027158
342,49,10243,5885.73413298107,1780.9194767536414,3175.59,-7.120646033060268,41.158354157427645,4.34370604086254,0.43636872926012554
101,49,120029,5932.120785281253,1676.6340042808263,1177.4399999999998,-24.355927289837183,42.67096171509329,3.8991488471647124,0.5308075766556642
305,49,62109,9645.260584663843,5322.226306220915,4699.42,337.332092604723,43.309008448304105,12.377270479583524,0.78267540560329
926,49,229028,10150.172206558715,5812.535573383462,7709.73,385.72778221783307,43.450172249002925,13.517524589263866,1.393083739161917
1572,49,25043,8272.026165707182,3874.922217972444,816.53,189.1873567283583,44.06774779308579,8.806641404482827,1.566182202741264
1434,49,98457,7152.51503904941,2749.527852971727,1796.56,76.32738457048168,44.13897793926466,6.248926938572106,0.6782608294875567
166,49,14083,11708.839593164994,7239.686418225039,10826.210000000003,522.5756361460991,44.75400126142331,16.08819204050009,1.660310565170944
547,49,60413,7357.967330229119,2887.8607071995343,232.51,87.13751909844547,44.810789249223994,6.417468238221188,0.6559469629439736
526,49,123916,8459.244572440914,3942.558478170513,108.10000000000001,190.5561078158641,45.26660888915271,8.76124106260114,1.3307327474245054
1451,49,70612,5922.504316864688,1329.2041280498288,160.15,-74.3654544737415,46.063526061938745,2.889574191412671,0.42122885964880075
162,49,58597,11567.810913648083,6874.0282577983835,7116.49,475.8517396773635,47.011352467216646,14.625592037868902,1.00833094637895
481,49,59505,73968.99425723944,69159.25887118252,33557.94,6702.181932383103,47.498656607810815,147.14735930038833,14.079393883903625
168,49,93772,8902.76685069219,3927.6917910044376,311.4800000000001,168.37611677136556,49.865124962017376,7.855383582008875,0.6821613408362441
155,49,83925,11955.677760868108,6723.142179162183,6469.889999999999,436.43537728099807,52.41752014116007,12.92911957531189,0.5947668821019158
607,49,58504,8093.270851412938,2844.8196937212506,2579.7300000000005,47.69528414599793,52.6192633835838,5.367584327775944,0.37764644651509216
283,49,63073,11132.01792685142,5868.252123578412,7272.849999999999,349.4948315367262,52.740084626914424,11.072173818072473,1.1677415912523896
926,49,45018,11805.871381010225,6529.883200401401,5472.990000000001,415.13850493417,52.855514467993366,12.320534340380002,0.8820647885540852
461,49,104785,8014.299838813638,2701.9928018984456,1225.6499999999999,30.523038202769925,53.26138710823881,5.098099626223482,0.6579893227735619
283,49,114881,25066.042888387547,19635.19360408031,7903.89,1719.3187543756806,54.266801340522285,36.361469637185756,1.2354427005472266
402,49,59922,161780.19307530322,156132.6870164552,14477.11,15365.953127290768,54.95901652327808,283.8776127571913,33.00017630948652
607,49,271708,24502.556535091717,18773.389274786474,4727.21,1619.6295672314423,57.26874672160109,32.93577065752013,2.807338603633552
421,49,38657,7901.053364525273,2176.891119783118,1273.9799999999998,-40.604740727452,57.39863393461418,3.819107227689681,0.4468830166341285
323,49,93840,13360.342703825849,7288.039236197873,9774.95,455.0438626483983,60.8355691047531,11.947605305242414,0.8345170557175688
304,49,32747,9292.21531376618,3173.7958835550794,827.7299999999999,41.33685650298111,61.342829300561526,5.20294407140177,0.7094532397354194
323,49,112980,17681.77974683618,11380.861105592418,3174.5200000000004,854.2057604658905,63.084522242966905,18.064858897765742,2.0204489289395853
527,49,118455,86512.4251585712,80094.22837030858,99450.9,7723.60368072326,63.515368068355166,125.14723182860716,3.6361037455348457
325,49,6679,8074.246369261484,1695.9106120975089,1294.58,-118.25698151955396,63.966231717623295,2.6498603314023574,0.6652111486491804
283,49,58514,8995.293611597017,2475.592565839007,324.49000000000007,-46.632225626724875,65.37588493569457,3.808603947444626,0.2535725640800447
527,49,55261,13260.490893436952,6697.324948935225,26070.41,373.78507282263325,65.76609379353094,10.14746204384125,0.9900589579051647
159,49,122580,31877.514404161706,25198.269498594585,19693.64,2219.5429164182046,66.72978520916752,37.60935746058893,1.9327745754389654
306,49,90694,8633.565482648239,1919.9246198571268,1456.52,-110.98098615942507,67.32743292114172,2.8655591341151148,0.21442830743599076
374,49,127223,8955.735372662399,2198.2261636959074,1035.02,-85.11754698907177,67.76448074636944,3.232685534846923,0.3828936984779508
324,49,118387,12471.432839249765,5680.388499879277,4714.27,261.754882227415,68.0631039467806,8.353512499822466,1.8406123689060496
806,49,143316,9801.67223693107,2895.291462239994,4869.21,-22.09733928611729,69.25033011335927,4.196074582956514,0.6155935074554323
1309,49,279689,9345.15478256146,2400.737191708852,3824.5,-73.29397417188517,69.63726518728231,3.4296245595840746,0.31362554028716166
303,49,72914,11154.602155415154,4151.132349216221,786.67,99.16528035950029,70.21065656936041,5.930189070308887,0.5728713455360572
646,49,59993,14667.075608502935,7605.7796707258585,5017.7699999999995,442.18832004954766,70.75325489400848,10.712365733416702,1.0127376289532564
1092,49,86919,10515.62189947043,3421.466170808404,1303.5400000000002,22.069287710679873,71.12829541559124,4.8189664377583155,0.6071705337297849
323,49,285628,9416.335246924196,2236.8101083044917,4784.14,-100.3079130766215,71.9975386460157,3.1066807059784605,0.32971092525816753
202,49,69537,8910.372389724218,1600.2399879121826,4975.460000000001,-169.89188323109533,73.31464044940303,2.192109572482442,0.5189284459995467
1289,49,240208,48496.16916909162,40759.048902230235,9712.45,3728.6260966967343,77.17306522806423,52.933829743156146,1.71461717338623
224,49,77837,9825.504995894853,1896.9727807252543,14605.009999999998,-168.11992075221423,79.51493307216437,2.371215975906568,0.24483334112732416
164,49,274569,12751.652638022946,4760.744578336092,3750.54,115.58133015869225,80.10958392775932,5.9509307229201145,0.2941888161495179
324,49,17579,11498.99844593905,3393.716219329853,1833.27,-26.351338604464615,81.27176900832221,4.189773110283769,0.6924630688340113
344,49,121364,28590.55476011925,20437.360944037442,15218.73,1676.6825723637594,81.56744934221885,24.923610907362733,1.7123575017588215
301,49,133135,11965.83465596919,3486.237611256871,0.0,-33.99200236992215,85.0257252212465,4.101456013243378,0.5559469897862181
154,49,208588,12141.434075592064,3615.327367066845,5179.08,-23.176262581351637,85.4908887306747,4.253326314196288,0.7211579858053263
766,49,35426,39308.626266017505,30706.545480536333,30246.8,2683.8388266071806,85.95904921032287,35.70528544248411,0.8826097230083879
27,49,89268,15927.3599340151,7279.373815760085,12757.460000000001,337.9054217439302,86.67376885157293,8.36709633995412,0.38872053299985054
224,49,61152,20456.144313010554,11771.381427159162,5609.31,785.6653565602929,86.99395247902741,13.53032347949329,0.8227305523139297
303,49,55815,12254.067464661372,3144.2872017148893,1397.73,-96.65147437591577,91.3511543438677,3.455260661225153,0.3850724629319831
365,49,124363,13628.842509760783,4397.322550601928,22777.45,23.217674065626568,92.55879577657028,4.728303817851535,0.9649787555632459
301,49,64317,22033.736921437798,12643.172709669136,12759.02,841.0257694707955,94.06477811024847,13.45018373369057,0.8908885176121377
507,49,142635,12085.671990737268,2538.8713454852323,15496.220000000001,-176.95059896374894,95.7417185582827,2.6446576515471167,0.2854215933490551
305,49,127346,13288.383369520056,3720.3711585903247,7016.7,-59.700456035478965,95.94168264322477,3.8753866235315884,0.43284612195760525
363,49,44211,23345.890112223526,12928.649753341893,27135.920000000002,823.2411956379777,104.36083993249144,12.431393993597974,1.702572547052612
224,49,85187,12692.995413799337,2255.6517937949748,817.32,-245.48727836859575,104.67832394402072,2.1482398036142616,0.2274595174982014
304,49,89556,13510.201692189827,2985.1386603080664,643.05,-176.4627999262534,105.55037021268001,2.81616854746044,0.5111264049865842
381,49,191511,16158.00148790479,5615.788608142242,1083.96,85.95647446667101,105.6938636327896,5.297913781266266,0.35350852932685123
366,49,44803,13875.34889584048,3230.7332982258386,14734.650000000001,-157.28818578782335,106.74700346897937,3.0193769142297557,0.5342834456722554
202,49,82871,13415.479800788466,2593.4175513106265,1424.4399999999998,-229.0611788606936,108.53398533150138,2.3792821571657123,0.6162945140075687
607,49,120418,19612.322915094584,8278.233682921891,3848.16,316.58410742654166,113.60872463681055,7.261608493791132,0.5528605089176979
167,49,75618,22995.83227994565,11262.38120495892,6450.8099999999995,597.1165857071043,117.58256328639727,9.5443908516601,0.7628457576578905
304,49,56263,14517.707420168506,2410.6382573593955,883.8299999999999,-305.3558204319909,121.42658803731787,1.9922630226110707,0.44406241456297707
1291,49,123053,38575.40208224051,26387.977696119895,12344.26,2089.9215727589535,121.97248818956362,21.629489914852375,1.7507484744160329
160,49,78933,22364.29265530291,9807.787904319952,2032.1999999999998,414.43193385604354,125.85485701687814,7.783958654222184,1.154602683776392
1435,49,237169,16403.017444582565,3742.3440475110474,9649.039999999999,-197.11101685248707,126.96564924524262,2.946727596465392,0.2186832082033578
224,49,55410,20120.509749485354,7280.159170608414,3946.01,148.7322636308611,128.72970076221785,5.643534240781716,0.46757982549899174
345,49,73326,16195.2751037711,3233.4581913333595,1732.3600000000001,-261.61867371928287,129.99210952280418,2.487275531794892,0.18779637074702174
421,49,292828,16504.814529632167,3328.930352414706,4478.790000000001,-261.73022083605065,132.13850135056026,2.5219169336475042,0.4095594587053051
202,49,1726,18061.227125883946,4800.7004754783275,211.45999999999998,-118.30227089077863,132.9716263196914,3.609549229682953,0.581076340222519
647,49,115729,62574.977818472784,49172.41440506809,10364.5,4314.624027290011,133.91498071484406,36.69583164557321,0.9196901456228485
372,49,62468,19666.64938790105,5650.107171244626,48195.42,-67.44818114591726,140.5464218378622,4.007168206556472,0.31384832174807065
1409,49,176562,24282.94174437421,10207.63570896634,6182.92,385.8745062315826,141.08645881445585,7.239457949621517,0.5352650506169001
1092,49,70724,26258.640099789038,11939.307351380145,12300.84,548.110375504146,143.51563547419298,8.291185660680656,0.8605139383829268
166,49,15140,19492.20484032311,5097.769370625547,3375.74,-139.76779121386164,144.34327295031474,3.540117618489963,0.3586229636925372
646,49,273729,25256.181201824333,10408.771605704962,0.0,371.1436158504331,148.82967660445848,6.985752755506686,0.5416791027367829
1434,49,308308,17632.767322508043,2738.6585200734626,19234.22,-398.3503301925035,149.38137382218883,1.8380258523982969,0.46904157598234303
167,49,278809,26071.99563364604,10965.255750360207,2260.8499999999995,415.11251539055195,151.4251243656597,7.261758775072985,1.269457890845717
202,49,48734,28909.03632006646,13766.464843822441,6212.530000000001,693.7527015690638,151.75417395848453,9.056884765672658,1.2867419638039475
547,49,85086,28791.91892870521,13383.649729966008,11441.029999999999,643.4583692475321,154.42368972201524,8.69068164283507,0.7090197245734192
1409,49,284488,20184.262330614976,4466.724937918172,180.9,-262.63052110556663,157.62289219941863,2.82704109994821,0.23440479572200118
526,49,282049,22340.12482445078,5869.63738601831,2117.1499999999996,-156.26044397316127,165.1609294611094,3.5573559915262485,0.35292970081464214
167,49,59760,23581.37461560722,6886.603410338842,17422.26,-64.63880037906881,167.39980920287843,4.123714616969366,0.2657897840330499
122,49,28317,29644.83050626168,12692.373344096255,13061.98,504.58923598131014,169.92179965073672,7.466101967115444,0.58495714879527
1433,49,229252,28655.58952132374,11548.018065979202,1230.73,383.09565779745435,171.49025528899242,6.7532269391691235,0.9764743217014382
1069,49,280548,25277.690097209797,8047.372650795279,11330.3,27.319175165663637,172.75957553641427,4.651660491789179,0.7941195507045642
167,49,67686,21326.930867352614,3747.4035734137606,6724.389999999999,-418.651737957855,176.30935451094024,2.129206575803273,0.3330074848596103
221,49,291568,22046.245539940326,4427.278791102184,1061.8599999999997,-352.4113930041916,176.69761602542445,2.501287452600104,0.2514800935447696
156,49,75694,23194.292175223298,5126.6294758107415,1064.87,-302.6972085733696,181.19114581209863,2.832391975586045,0.44012465413159974
766,49,125792,35551.358622035375,15280.56208320145,11041.09,613.7380061772806,203.18182269841432,7.52737048433569,0.40561241557222866
1291,49,82227,56591.855682615984,35962.666114623826,52893.32,2666.7797642870046,206.55263270563952,17.373268654407646,0.38948177545513457
1092,49,70267,36768.46541437701,13209.605683862112,6289.779999999999,258.11147798239404,236.18868675640383,5.597290544009369,0.8520026764072508
323,49,300249,29192.45238499301,5436.494539524878,1798.3399999999997,-528.4766115507265,238.25023677849205,2.284241403161713,0.5288926342840004
546,49,65583,36863.12512739682,12739.612975951255,16841.649999999998,185.59971515887264,241.8581294302784,5.264302882624485,0.5725337254821243
370,49,268148,32926.09457586257,7072.603163624178,0.0,-459.4727238085957,259.2740089268919,2.7307348122101076,0.4442548519411177
461,49,127554,32838.483593799814,6564.88154654772,5193.299999999999,-529.234314067957,263.4938819383842,2.4961526792957107,0.4802390071418628
367,49,24132,81014.8718075914,53700.03891517268,46357.46000000001,4139.57984802894,273.42756521962843,19.67034392497168,1.0702863452690166
154,49,279670,37637.57476234765,8615.164480907815,3736.61,-448.1926140612677,291.04645825601096,2.960537622305091,0.13352023114702202
607,49,182968,42751.24487392204,12475.113184937962,8433.539999999999,-118.60475367776189,303.58134937145735,4.103655652940119,0.405596365502724
1092,49,240029,54150.75217910273,22368.288810374892,20112.66,803.1970754330403,318.58484568987757,7.012002761873007,0.5104926970891487
1435,49,142216,52058.68140561665,19917.3195334573,19031.29,541.7790661136146,322.21175271824785,6.185502960701024,0.5412351755621414
222,49,136034,57536.136026195716,22343.201152105237,10653.68,646.7315672656898,352.797455098852,6.329518739973156,0.8221756815556848
382,49,22405,50587.564587324036,14876.585981605751,36711.65,-123.6800864930508,358.0752632563613,4.155470944582612,0.4252604794527076
607,49,256270,50124.29114665932,12828.418786749977,3765.8099999999995,-400.14210038219403,373.99643979048705,3.4300584991310097,0.34711986961755836
1349,49,95161,68962.7922424829,29647.78051354475,55429.26,1191.467387063259,394.0690365091591,7.524817389224555,0.18340198233210223
281,49,237648,58422.89830554438,18414.361960085866,1360.8300000000002,36.26989827916191,401.1480661620944,4.5921102144852535,0.32161883591478513
547,49,131054,63117.90545624699,22533.473761115765,0.0,422.38515004347437,406.8804946818005,5.536480039586183,0.530030829489875
647,49,236069,51562.93421671407,10405.33234907656,1017.2099999999999,-816.8952743399552,412.7618909439136,2.5194509319797964,0.18365924373497033
367,49,24128,163412.9990586317,121998.83612668676,218377.45,10336.322680849757,414.12465151531575,29.468317904996802,2.337317274412868
324,49,100124,57675.35906550339,14047.702433004391,22323.829999999998,-563.9836255209032,437.5008597380761,3.2072379984028294,0.2430646879247136
806,49,227989,86406.65082241122,40394.91921453741,61883.27,1964.4027006364386,461.1309379594006,8.762455361071023,0.6469209497709769
547,49,169402,118188.30454945394,68094.8283783997,435.0,4551.488111983696,501.77660574583876,13.564706848286795,0.5233947487279881
421,49,114008,80565.11505186776,27892.992637450483,55620.82000000001,412.9361710071362,528.0806872750916,5.282763757092894,0.34765757774149453
281,49,247790,85256.51103007025,32298.960039697417,88661.62,840.8632426011427,530.896169193022,6.08266667414264,0.32053776412934604
1291,49,85988,66310.64454483677,13266.168331620009,13707.99,-1067.269303253245,531.9746969811657,2.4936406638383475,0.3425875891982154
1450,49,241849,76665.45228695516,22814.645646546756,54203.28,-148.35467814134927,539.95983173245,4.22493437899014,0.30067747485471896
547,49,51267,304359.28641241515,238653.26299778154,851382.09,20910.87850192077,656.543955079418,36.32469756435031,2.864179778043448
1572,49,222648,152420.1155345821,86347.16770731748,94738.69,5656.26796221709,661.8775130032573,13.043378807751884,0.8926946483755756
507,49,77325,84875.12579957937,18494.694189394642,16569.77,-1146.1731493924196,665.6983485181964,2.776981109518715,0.36924044027281994
546,49,78482,121198.84522176434,27521.697016001115,11159.71,-1475.2605475407763,939.4289442535307,2.9309581486689154,0.6304116169735109
441,49,77775,150069.352624739,54621.85386577815,74141.38,1156.1613026274135,956.8942408778669,5.707612734146097,0.205812923264824
366,49,57132,122253.71921973907,24208.415046362934,14662.750000000002,-2003.9378492370997,983.2843008607541,2.4627075326920584,0.5371224424926566
1291,49,84648,174099.23102100223,69208.42604407572,53594.08,2189.241037881414,1051.4670147835907,6.585007235402067,0.6772809604686336
1437,49,37388,342854.7665617159,220381.37465162607,15497.65,16520.204668856026,1226.207288068129,17.975642304374066,3.3681361289252227
1329,49,199009,182276.94634121907,31099.797720617775,79470.74,-3712.94098455843,1516.2046125822683,2.051437844367927,0.2866786280573144
321,49,275469,356784.3451110728,188165.44843408224,1211.59,11213.938354516646,1689.4681086425733,11.140642299235184,1.4505256441642307
1450,49,305909,236891.79705006554,36793.18886596619,95673.36,-5351.736562322355,2006.9012108708832,1.8332430924746486,0.469041575982343
382,49,305188,246931.70883008448,38352.55214878094,58342.2,-5578.553039822682,2091.957389933506,1.8332959918155325,0.469041575982343
224,49,95063,349140.08320791443,66822.48715342411,41122.45,-6058.870217110086,2831.3597627672216,2.3603845691778207,0.26339906369514304
