Customers,Intercept,Coef,ABSCoef,Spend,Unseasoned,Predicted,linear_output,Actual,ABS_diff_unseasoned,ABS_diff_Predicted,ABS_diff_linear_output,Unseasoned_diff,Season_diff,linear_output_diff
128359,942.2787272727272,-1.078606060606066,1.078606060606066,9653.4,9266.389393939393,8792.611848179055,9724.381549354279,12150.830000000002,2884.440606060609,3358.2181518209472,2426.448450645723,0,0,1
70862,950.0796363636364,1.3989696969697063,1.3989696969697063,9601.94,9703.64696969697,9219.49140436152,16597.181202889522,5686.92,4016.7269696969706,3532.5714043615208,10910.261202889522,0,1,0
28897,3694.939272727272,-4.379393939393903,4.379393939393903,36827.32,36314.3806060606,31025.1190442583,20136.568406261897,44365.09,8050.709393939396,13339.970955741697,24228.5215937381,1,0,0
102462,1717.0032727272726,-5.577393939393929,5.577393939393929,17061.0,16361.310606060606,16467.42863107844,20321.205097521808,14724.38,1636.9306060606068,1743.0486310784418,5596.825097521809,1,0,0
92197,2168.9190909090908,-5.874242424242397,5.874242424242397,21424.85,20837.42575757576,20562.003784003376,18926.312220225234,23891.44,3054.0142424242404,3329.436215996622,4965.127779774764,1,0,0
93060,943.4352727272728,-6.0100606060606045,6.0100606060606045,9163.9,8562.89393939394,8204.476593600046,9147.120223680053,9121.38,558.4860606060593,916.9034063999534,25.740223680053532,0,0,1
17320,919.6007272727272,-6.213272727272738,6.213272727272738,8934.4,8295.082727272726,7751.581215123353,12510.67876484165,2575.1,5719.982727272725,5176.481215123353,9935.57876484165,0,1,0
103250,1192.571090909091,6.798424242424257,6.798424242424257,12560.82,12911.48242424243,12110.796677959828,12660.205996003584,4010.79,8900.692424242428,8100.006677959828,8649.415996003583,0,1,0
33332,1735.8043636363634,9.904363636363632,9.904363636363632,18387.48,18794.17636363636,19804.680566974144,18767.481868560833,11276.28,7517.896363636361,8528.400566974144,7491.201868560833,0,0,1
100092,798.4925454545456,10.411878787878786,10.411878787878786,8497.86,9494.64787878788,8200.798660698969,7744.577795115067,10853.86,1359.21212121212,2653.0613393010317,3109.282204884934,1,0,0
39262,1368.7183636363636,-11.358303030303018,11.358303030303018,13176.06,12040.2296969697,11371.07602562263,12148.013383079233,9188.75,2851.4796969697,2182.3260256226295,2959.263383079233,0,1,0
33028,2737.678181818182,11.741515151515149,11.741515151515149,28026.74,29079.30151515152,29789.839823878054,16847.89519747076,20258.63,8820.67151515152,9531.209823878053,3410.7348025292413,0,0,1
73658,1887.5550909090907,14.627757575757569,14.627757575757569,19533.800000000003,20996.57575757576,20690.39411873886,14780.798777557655,2609.9400000000005,18386.635757575757,18080.45411873886,12170.858777557654,0,0,1
45308,68195.81054545454,14.901212121212044,14.901212121212044,683931.0700000001,684118.7812121212,665139.9620827576,500473.68260033044,551531.6900000001,132587.0912121212,113608.27208275755,51058.007399669616,0,0,1
73319,522.3140000000001,15.411999999999992,15.411999999999992,5916.68,7457.879999999999,7407.220985289412,7505.205944433183,4820.98,2636.8999999999996,2586.2409852894125,2684.225944433183,0,1,0
116969,2606.905818181818,19.09715151515153,19.09715151515153,27108.04,28838.14515151515,24872.579682518848,20810.203934995203,7553.820000000001,21284.32515151515,17318.75968251885,13256.383934995203,0,0,1
43197,1223.114909090909,-21.92042424242424,21.92042424242424,11244.73,9052.687575757573,9110.461454078088,6785.131403338921,7693.57,1359.117575757573,1416.891454078088,908.4385966610789,0,0,1
58390,755.8514545454545,-23.14187878787878,23.14187878787878,6517.13,4202.942121212122,3443.480419759201,12770.411451959146,779.62,3423.3221212121225,2663.8604197592012,11990.791451959145,0,1,0
118182,685.5803636363637,-23.71830303030303,23.71830303030303,5788.48,3416.649696969698,3503.313599279641,17642.68823625602,2596.46,820.1896969696982,906.853599279641,15046.228236256022,1,0,0
70445,1206.038545454545,-26.86412121212121,26.86412121212121,10851.5,8165.087878787877,8022.268015961266,16448.106988963496,477.75,7687.337878787877,7544.518015961266,15970.356988963496,0,1,0
72024,4140.8758181818175,-27.166181818181823,27.166181818181823,40270.38,37469.661818181805,36572.96057667114,24221.314505863425,29421.82,8047.841818181805,7151.14057667114,5200.505494136574,0,0,1
125120,1140.5469090909091,-28.27709090909091,28.27709090909091,10166.24,7305.290909090909,7477.569049900408,30939.10192415161,444.48,6860.810909090909,7033.089049900407,30494.621924151612,1,0,0
68231,810.0998181818183,29.67515151515153,29.67515151515153,9475.68,12403.895151515157,12490.500495689324,5885.853068574717,8269.58,4134.315151515157,4220.9204956893245,2383.7269314252826,0,0,1
50920,5504.347636363637,-30.342363636363668,30.342363636363668,53964.01,50643.83363636365,44015.640796764645,40435.80407329407,15454.669999999998,35189.16363636365,28560.970796764646,24981.134073294073,0,0,1
77554,1288.3032727272728,31.831939393939383,31.831939393939383,14431.39,17498.66393939394,17623.047798447533,9565.705256212757,15164.86,2333.80393939394,2458.1877984475323,5599.154743787243,1,0,0
2460,21841.10927272728,33.53727272727252,33.53727272727252,220201.2,223273.9972727273,220235.41079622187,149401.1991244864,163947.11,59326.88727272733,56288.30079622188,14545.910875513597,0,0,1
50454,1681.6025454545454,-34.68945454545455,34.68945454545455,16002.74,11786.054545454544,11353.06521847038,22743.380222373737,2734.9999999999995,9051.054545454544,8618.06521847038,20008.380222373737,0,1,0
59777,1251.5501818181815,-36.53381818181819,36.53381818181819,10892.48,7218.098181818179,7209.170506627182,13931.463983723159,13560.259999999998,6342.161818181819,6351.089493372817,371.2039837231605,0,0,1
37646,5366.331636363637,-37.01036363636363,37.01036363636363,53401.100000000006,48296.81363636365,46700.212900536106,45150.22154101691,50661.96000000001,2365.146363636355,3961.7470994639007,5511.738458983098,1,0,0
50623,1073.544181818182,-37.24848484848485,37.24848484848485,9059.259999999998,5334.411515151516,5502.497557900433,14293.8574289768,2766.89,2567.5215151515163,2735.607557900433,11526.9674289768,1,0,0
20972,2405.9238181818178,-39.12618181818181,39.12618181818181,22298.56,18385.94181818181,17582.049934380226,19449.97711737301,19898.53,1512.5881818181879,2316.480065619773,448.5528826269874,0,0,1
29269,1782.2267272727272,-39.3199393939394,39.3199393939394,16164.3,12120.87606060606,12259.389226701373,17027.661243705996,17840.57,5719.693939393939,5581.180773298627,812.908756294004,0,0,1
7024,2847.157272727273,-40.61139393939396,40.61139393939396,26655.81,22582.920606060605,22455.07122969577,19644.995172098148,32852.17999999999,10269.259393939388,10397.108770304221,13207.184827901845,1,0,0
66148,2405.0314545454544,-46.17187878787878,46.17187878787878,21988.77,17355.39212121212,15963.162450463602,16554.793508595933,8622.440000000002,8732.952121212118,7340.7224504636,7932.35350859593,0,1,0
14005,4122.522363636364,-46.17630303030305,46.17630303030305,39321.95,34529.6596969697,35053.08127786556,22994.772249016714,28745.44,5784.2196969697,6307.641277865561,5750.667750983284,0,0,1
51172,4382.8240000000005,-46.39933333333335,46.39933333333335,41740.27,37100.33666666666,36235.11523296088,26634.666565326006,43019.42,5919.083333333336,6784.304767039117,16384.753434673992,1,0,0
69573,2152.8109090909093,-46.44175757575759,46.44175757575759,19514.73,14794.05424242424,13615.159185906175,20564.721055224538,20413.64,5619.58575757576,6798.480814093824,151.08105522453843,0,0,1
17927,2236.209272727273,48.5499393939394,48.5499393939394,24546.84,29401.83393939394,27244.80206995226,17621.70795944219,24426.43,4975.403939393938,2818.37206995226,6804.722040557812,0,1,0
29848,3589.528,-50.52066666666666,50.52066666666666,33621.85,28569.78333333333,27405.24730711185,19501.66365619009,46362.89,17793.10666666667,18957.64269288815,26861.22634380991,1,0,0
97595,1113.8016363636364,-51.27769696969696,51.27769696969696,8904.64,3702.750303030304,2618.8186735579384,15471.21103315243,13786.45,10083.699696969696,11167.631326442062,1684.7610331524302,0,0,1
50228,1077.4783636363636,52.95036363636363,52.95036363636363,13157.55,18452.58636363636,18921.09806070027,10187.301887635695,10239.79,8212.79636363636,8681.30806070027,52.48811236430629,0,0,1
98567,1484.4821818181815,53.80818181818184,53.80818181818184,17506.5,22647.008181818182,22466.302749588423,12153.341821035516,5930.69,16716.318181818184,16535.612749588425,6222.651821035516,0,0,1
80626,5746.220363636363,-54.20030303030302,54.20030303030302,55160.92,49603.15969696969,48238.69190627025,34847.49726496802,52287.08,2683.9203030303106,4048.388093729751,17439.58273503198,1,0,0
35910,2897.9863636363634,54.59236363636367,54.59236363636367,31436.52,36895.75636363637,36461.94771060879,21305.77068466295,11160.03,25735.72636363637,25301.91771060879,10145.740684662951,0,0,1
18726,1772.2067272727274,55.317393939393945,55.317393939393945,20211.35,25743.0893939394,23229.727529089043,20239.00127155624,11408.56,14334.529393939401,11821.167529089043,8830.441271556241,0,0,1
110379,1701.8821818181818,-58.244484848484845,58.244484848484845,14397.820000000002,8573.371515151517,7960.484109187226,10758.657191502825,5616.070000000001,2957.3015151515165,2344.414109187225,5142.587191502825,0,1,0
61943,1112.4614545454544,-67.92054545454545,67.92054545454545,8122.19,1606.4605454545454,1646.0665455214692,13635.20929080918,5436.880000000001,3830.4194545454557,3790.8134544785316,8198.329290809179,0,1,0
5036,2426.4005454545454,-70.64345454545453,70.64345454545453,21259.52,14020.704545454546,14756.502733421148,17904.958642657322,17299.18,3278.4754545454543,2542.677266578852,605.778642657322,0,0,1
63448,3840.780545454545,-72.15745454545448,72.15745454545448,35160.72,27944.97454545455,26814.767402102963,26842.972823632124,27711.23,233.74454545454864,896.4625978970362,868.2571763678752,1,0,0
75788,2138.7838181818183,-72.16284848484848,72.16284848484848,18191.2,10924.225151515153,10362.620355624083,18217.659995017253,16838.14,5913.9148484848465,6475.519644375916,1379.5199950172537,0,0,1
114897,1498.847090909091,72.16575757575757,72.16575757575757,18235.93,25452.50575757576,26619.20447318341,25494.12603203331,14523.75,10928.75575757576,12095.45447318341,10970.37603203331,1,0,0
39226,1272.898,74.24199999999999,74.24199999999999,16069.87,23494.07,23740.17190303204,16658.05914368666,17479.43,6014.639999999999,6260.741903032038,821.3708563133405,0,0,1
56098,2479.726909090909,76.31957575757576,76.31957575757576,28242.11,35863.607575757575,34216.6289590153,25995.007226057416,15749.309999999998,20114.297575757577,18467.318959015305,10245.697226057418,0,0,1
63568,1176.461090909091,-78.43490909090907,78.43490909090907,8235.04,1176.210909090909,1128.8506153593064,10372.468818148744,5279.0,4102.789090909091,4150.149384640694,5093.468818148744,1,0,0
1033,1466.7661818181818,-79.92381818181818,79.92381818181818,11203.94,3130.4945454545464,2817.6161041822866,15851.44086425459,13877.11,10746.615454545454,11059.493895817714,1974.330864254589,0,0,1
161657,1642.7147272727273,-81.76327272727274,81.76327272727274,12747.8,4571.472727272725,4500.53001772784,13009.897982483875,15894.19,11322.717272727275,11393.659982272162,2884.2920175161253,0,0,1
96181,609.8905454545454,83.2998787878788,83.2998787878788,9847.4,18177.38787878788,17408.443080559686,17611.676196891967,8453.74,9723.647878787879,8954.703080559686,9157.936196891967,0,1,0
70414,1230.636,86.27066666666668,86.27066666666668,16229.66,24815.606666666667,25043.20029107832,16997.280583477048,12722.9,12092.706666666667,12320.30029107832,4274.380583477048,0,0,1
44374,9102.555818181818,87.71248484848485,87.71248484848485,95928.69999999998,103743.86848484848,106890.12422631266,74021.51820156882,83595.7,20148.168484848487,23294.424226312665,9574.181798431178,0,0,1
12226,2167.3201818181824,90.2501818181818,90.2501818181818,25769.960000000003,34759.47818181819,31311.97487411896,21435.68901585709,34355.79,403.6881818181864,3043.8151258810394,12920.100984142911,1,0,0
70403,704.3070909090908,94.1750909090909,94.1750909090909,11763.32,20698.459090909088,20012.016471158888,32828.547706604804,16253.88,4444.579090909088,3758.1364711588885,16574.667706604807,0,1,0
129455,2642.0114545454544,-97.91721212121207,97.91721212121207,22258.34,12222.118787878791,12041.578979950662,25644.95597006387,16329.18,4107.061212121209,4287.601020049338,9315.77597006387,1,0,0
93959,3071.586727272728,-98.09593939393936,98.09593939393936,26424.0,16491.956060606066,14449.501479687096,25092.890871208503,6651.94,9840.016060606067,7797.561479687097,18440.950871208504,0,1,0
45436,269.8556363636362,104.42363636363638,104.42363636363638,7397.62,17839.983636363635,16745.519680721165,15265.468818709865,9688.91,8151.073636363635,7056.609680721165,5576.558818709866,0,0,1
151434,579.094,105.19066666666664,105.19066666666664,10527.740000000002,21043.58666666667,21935.62423629563,11719.519395080868,5092.74,15950.84666666667,16842.884236295627,6626.779395080868,0,0,1
63919,1545.3187272727275,-107.2279393939394,107.2279393939394,10734.41,1292.9172727272733,1262.608003647936,16728.85777531108,10246.0,8953.082727272727,8983.391996352064,6482.85777531108,0,0,1
104548,1010.6792727272727,107.94860606060608,107.94860606060608,14964.48,25759.34060606061,25321.850607536315,17653.195980290606,18296.31,7463.030606060609,7025.5406075363135,643.1140197093955,0,0,1
55703,3964.5669090909096,-112.08175757575758,112.08175757575758,34601.99,23393.81424242425,22435.92965116124,27898.453914521073,44661.53,21267.71575757575,22225.600348838758,16763.076085478926,0,0,1
126637,2715.9996363636365,-114.58503030303028,114.58503030303028,22003.67,10545.166969696971,10164.128725844626,19293.67626884239,25518.0,14972.833030303029,15353.871274155374,6224.323731157609,0,0,1
63809,19113.665818181817,-116.39484848484844,116.39484848484844,186154.62,174259.40515151512,170011.22519061848,131027.9840630618,171756.91,2502.495151515119,1745.6848093815206,40728.925936938205,0,1,0
77486,1524.5427272727272,-116.44527272727272,116.44527272727272,10005.39,741.6883636363643,739.8160524711537,20531.478182115716,3299.35,2557.661636363636,2559.533947528846,17232.128182115717,1,0,0
64372,2966.2254545454543,116.86078787878787,116.86078787878787,34958.04,46607.06878787877,45512.32861285038,23636.22863317933,53629.62,7022.5512121212305,8117.29138714962,29993.391366820673,1,0,0
73791,3085.4854545454546,-117.22387878787876,117.22387878787876,25583.3,13857.392121212124,13899.387563423494,24799.650086940303,19848.28,5990.887878787875,5948.892436576505,4951.370086940304,0,0,1
92457,4081.135454545454,121.90278787878783,121.90278787878783,46301.53999999999,58487.25878787878,60297.75199562399,27827.82854740102,120759.61,62272.35121212122,60461.85800437601,92931.78145259898,0,1,0
77132,2140.6387272727275,126.8040606060606,126.8040606060606,27125.1,39792.97606060606,38839.329591648166,19054.06668848479,28095.0,11697.976060606059,10744.329591648166,9040.933311515211,0,0,1
18000,3088.385272727273,-126.9280606060606,126.9280606060606,25172.090000000004,12479.28393939394,12732.446360570832,19931.420387698505,9059.34,3419.943939393939,3673.1063605708314,10872.080387698505,1,0,0
103085,1405.3256363636365,133.008303030303,133.008303030303,20329.19,33339.4603030303,31258.054350185437,25089.673799139324,27789.79,5549.670303030296,3468.2643501854363,2700.116200860677,0,0,1
114601,5308.390545454546,-135.56478787878788,135.56478787878788,47800.93,33427.011212121215,32697.54277717109,49682.182525816366,35952.149999999994,2525.138787878779,3254.607222828905,13730.032525816372,1,0,0
18217,1242.1305454545454,136.21187878787882,136.21187878787882,18550.84,32172.027878787885,29321.141096337036,18070.782084410617,21191.17,10980.857878787887,8129.971096337038,3120.387915589381,0,0,1
5487,1280.255090909091,139.4064242424243,139.4064242424243,19075.84,33016.48242424243,35671.11857337655,17035.336121626533,46502.32,13485.83757575757,10831.201426623447,29466.983878373467,0,1,0
77573,4466.189636363637,-141.78103030303035,141.78103030303035,38351.75,24103.646969696965,24826.715672029008,28377.98922106174,35315.380000000005,11211.73303030304,10488.664327970997,6937.390778938265,0,0,1
72817,2138.5718181818183,145.6144848484848,145.6144848484848,28172.65,42499.81848484848,37194.21878808135,27103.164384819574,9048.43,33451.38848484848,28145.78878808135,18054.734384819574,0,0,1
48040,3389.716181818181,146.40618181818184,146.40618181818184,40485.44,55126.05818181817,52095.035418766085,23768.185853485957,13892.28,41233.77818181817,38202.755418766086,9875.905853485956,0,0,1
25321,2911.6130909090907,-146.5982424242424,146.5982424242424,22592.7,7859.385757575761,7479.780871067242,31435.567542835743,23320.33,15460.94424242424,15840.54912893276,8115.237542835741,0,0,1
60247,3766.899636363637,150.99830303030294,150.99830303030294,44556.21,59563.75030303029,60704.38754057481,30693.525073786463,23278.730000000003,36285.02030303029,37425.65754057481,7414.795073786459,0,0,1
89895,4751.367454545454,-159.6538787878788,159.6538787878788,40356.64,24363.86212121212,20395.318120654123,35401.35178791928,2628.0500000000006,21735.812121212122,17767.268120654124,32773.30178791928,0,1,0
72344,7433.257818181817,-162.66884848484844,162.66884848484844,67012.48,50745.59515151515,47015.15984266846,43374.86314727992,48739.06,2006.5351515151488,1723.90015733154,5364.196852720081,0,1,0
127192,1551.088909090909,166.03357575757582,166.03357575757582,23029.3,39585.75757575758,38912.95457172601,21639.248539865803,24418.55,15167.207575757584,14494.404571726012,2779.3014601341965,0,0,1
53062,22623.36363636364,185.70496969696975,185.70496969696975,236188.15,253160.85696969696,254780.25075793255,189457.35666301262,159929.25,93231.60696969696,94851.00075793255,29528.106663012615,0,0,1
155838,248.09854545454505,186.9465454545455,186.9465454545455,10893.58,29588.234545454547,30164.510066581053,20098.403493026068,3308.66,26279.574545454547,26855.850066581053,16789.743493026068,0,0,1
66246,1771.369090909091,189.0457575757576,189.0457575757576,26220.75,45125.32575757576,41720.244669406,20108.359242386687,21418.47,23706.85575757576,20301.774669405997,1310.1107576133145,0,0,1
61940,4993.875272727273,-194.95806060606063,194.95806060606063,41176.35,21669.83393939393,21852.28540115197,33013.535243150574,13025.02,8644.813939393931,8827.26540115197,19988.515243150574,1,0,0
9791,10502.652,196.51933333333332,196.51933333333332,114039.89,133521.82333333333,137073.38260822633,65924.75909263549,55070.69,78451.13333333333,82002.69260822632,10854.069092635487,0,0,1
34444,9651.645818181818,197.61181818181828,197.61181818181828,106575.0,125170.17181818184,123838.82601253646,95553.71432913665,109121.49,16048.681818181838,14717.336012536456,13567.775670863353,0,0,1
6012,683.5636363636364,218.9409696969697,218.9409696969697,17105.96,38582.07696969697,40649.679955232044,23289.790709662848,22315.05,16267.026969696974,18334.629955232045,974.7407096628485,0,0,1
63846,2784.5107272727278,-220.80993939393943,220.80993939393943,17908.66,1066.8041818181796,943.5930140821304,11465.83548485682,20668.77,19601.96581818182,19725.17698591787,9202.93451514318,0,0,1
69738,3040.3692727272733,-226.18806060606065,226.18806060606065,20243.43,1756.8263030303046,1747.1122332059354,15814.201301551278,8750.439999999999,6993.6136969696945,7003.327766794064,7063.76130155128,1,0,0
101909,6730.040727272727,226.73606060606065,226.73606060606065,78374.51,100177.13606060603,103470.8509565822,77136.93298571966,80267.61,19909.526060606033,23203.2409565822,3130.6770142803434,0,0,1
117160,3035.779818181818,-230.5848484848484,230.5848484848484,20755.620000000003,1536.2162424242451,1523.5945621487615,26456.550790050802,3767.33,2231.113757575755,2243.735437851238,22689.2207900508,1,0,0
126649,2474.7089090909085,244.75157575757572,244.75157575757572,35977.03,60236.06757575757,62537.01078512692,26923.49516900717,38748.02,21488.04757575757,23788.990785126924,11824.524830992828,0,0,1
80064,6100.036181818181,-249.12715151515147,249.12715151515147,50004.26,24876.924848484847,24338.80702625086,40620.835291972784,73080.01999999999,48203.09515151514,48741.212973749134,32459.184708027205,0,0,1
58290,4282.536181818181,266.0175151515152,266.0175151515152,55053.47,81397.90151515152,81699.55550193337,42028.920394736124,49788.15,31609.751515151518,31911.40550193337,7759.229605263878,0,0,1
105857,2008.2478181818176,266.7384848484849,266.7384848484849,32085.71,58759.558484848494,58590.31282115051,18972.69108129471,26797.71,31961.848484848495,31792.60282115051,7825.018918705289,0,0,1
44366,3015.6954545454555,267.3527878787878,267.3527878787878,42746.47,68923.10878787878,67668.70365079054,37443.63070477535,52300.93,16622.17878787878,15367.773650790543,14857.29929522465,0,0,1
55046,7502.281272727272,-269.6773939393939,269.6773939393939,62903.7,35919.590606060614,27523.932612587712,59264.99064885797,9342.79,26576.800606060613,18181.14261258771,49922.20064885797,0,1,0
58329,2006.6912727272727,273.1519393939394,273.1519393939394,32358.75,59673.94393939395,56285.94727494237,28900.62653915493,29723.68,29950.263939393946,26562.267274942373,823.0534608450689,0,0,1
17303,1315.311272727272,283.7686060606061,283.7686060606061,26060.7,54299.5606060606,54455.90477259538,24687.444072997736,17586.260000000002,36713.3006060606,36869.64477259538,7101.184072997734,0,0,1
91858,24406.614,292.4700000000002,292.4700000000002,257227.29,286474.29,233655.02304869157,173357.8526821677,277394.77,9079.51999999996,43739.74695130845,104036.91731783233,1,0,0
123048,1331.2074545454548,299.67412121212124,299.67412121212124,26936.13,56764.82212121213,51276.52605331854,27357.126447864335,45063.54,11701.282121212127,6212.986053318542,17706.413552135666,0,1,0
122906,2800.548181818181,305.05684848484856,305.05684848484856,41982.130000000005,72238.72484848485,69825.8942359635,40553.998986350955,11367.42,60871.304848484855,58458.4742359635,29186.578986350956,0,0,1
167957,30017.368181818187,306.2981818181818,306.2981818181818,313957.1,344586.91818181827,321026.3429119684,251563.62842112425,122832.32,221754.59818181826,198194.0229119684,128731.30842112424,0,0,1
77173,4042.175636363636,314.910303030303,314.910303030303,54592.72,86083.75030303029,83147.0405892071,35063.99154177317,59726.34,26357.410303030294,23420.700589207103,24662.34845822683,0,1,0
77285,10024.094363636365,-330.2963030303031,330.2963030303031,85430.46,52347.979696969705,51455.71638774395,65762.27844091305,84948.44,32600.460303030297,33492.72361225605,19186.161559086948,0,0,1
85382,315.563090909091,335.6650909090909,335.6650909090909,18260.56,51827.06909090909,48931.71893146576,24331.40966220865,13097.98,38729.089090909096,35833.73893146576,11233.429662208651,0,0,1
71542,16228.34181818182,-347.3508484848485,347.3508484848485,146927.85,111917.54515151517,104425.61282441462,115584.84120484305,130303.69,18386.144848484837,25878.07717558538,14718.848795156955,0,0,1
104583,445.4230909090909,379.3737575757576,379.3737575757576,21824.64,59463.42575757576,55852.73278209069,44940.621389024906,64865.37,5401.944242424244,9012.637217909316,19924.748610975097,1,0,0
65029,10645.094363636365,384.1330303030303,384.1330303030303,129211.71,162150.23303030303,155891.2245638565,148368.66373558034,82079.1,80071.13303030303,73812.12456385649,66289.56373558033,0,0,1
105368,5371.715636363636,-385.15236363636353,385.15236363636353,36385.3,3769.8538181818217,3503.163742388727,37217.704938179355,28378.14,24608.286181818177,24874.976257611273,8839.564938179356,0,0,1
55016,11738.823272727272,-398.5573939393941,398.5573939393941,99624.04,59597.41060606059,58257.10755567977,72519.40040971276,82864.48000000001,23267.06939393942,24607.372444320237,10345.079590287249,0,0,1
125640,4973.306909090909,399.6002424242424,399.6002424242424,67758.49,107675.10424242423,106732.30103111712,37015.16394157334,64951.81,42723.294242424236,41780.491031117126,27936.64605842666,0,0,1
79663,5497.743454545454,-404.3372121212121,404.3372121212121,37086.71000000001,3391.4620606060616,3363.3492648838346,37139.62702077668,40573.19,37181.72793939394,37209.840735116166,3433.562979223323,0,0,1
57780,9227.154,-405.21199999999993,405.21199999999993,74423.75,33515.8,34044.66815417099,70016.86902776752,35815.36,2299.5599999999977,1770.6918458290093,34201.50902776752,0,1,0
54579,11306.02090909091,-412.5757575757576,412.5757575757576,94976.27,53236.72424242424,55875.657587703536,95035.61396769263,15121.330000000002,38115.39424242424,40754.327587703534,79914.28396769262,1,0,0
29040,8991.001090909092,-413.2862424242424,413.2862424242424,71312.13,29983.50575757578,30060.217132873266,59502.41357604174,46746.85,16763.34424242422,16686.632867126733,12755.563576041743,0,0,1
36086,2525.098545454546,413.9092121212121,413.9092121212121,43929.51,85267.82121212121,81735.79282091976,27573.040073701057,39456.47,45811.35121212121,42279.322820919755,11883.429926298944,0,0,1
1575,6584.111090909091,-424.6242424242425,424.6242424242425,46996.73,7657.848363636361,7459.302371293969,54020.00164633995,30784.19,23126.34163636364,23324.88762870603,23235.811646339953,1,0,0
61828,6417.036545454546,-425.4087878787878,425.4087878787878,45198.350000000006,6596.560181818192,6011.032317641551,46060.78730006087,153739.24,147142.6798181818,147728.20768235845,107678.45269993912,0,0,1
11908,6552.793454545455,-428.35721212121217,428.35721212121217,46422.25,7189.969818181815,7086.975405936525,49503.995949545715,122578.91,115388.9401818182,115491.93459406348,73074.91405045429,0,0,1
52773,2686.472363636364,439.383696969697,439.383696969697,46646.09,90575.35969696972,87958.42414927328,40865.2686752842,53338.08,37237.27969696972,34620.34414927328,12472.811324715803,0,0,1
55292,1907.93290909091,486.6135757575757,486.6135757575757,40976.94,89638.29757575756,91510.28686387088,33533.773671477415,21832.33,67805.96757575756,69677.95686387087,11701.443671477413,0,0,1
63503,12068.251636363637,-524.4190303030302,524.4190303030302,97988.11,44641.75696969697,45423.24855338543,100839.90252073538,76255.47,31613.713030303028,30832.221446614574,24584.432520735383,0,0,1
62901,1406.8156363636372,542.3809696969696,542.3809696969696,38475.3,92713.39696969694,67679.69311393982,55089.3793063527,6789.099999999999,85924.29696969694,60890.59311393982,48300.2793063527,0,0,1
6173,37685.80254545454,561.7998787878787,561.7998787878787,405693.34,458319.0078787878,454106.7484639106,354846.5034446905,255331.41000000003,202987.59787878778,198775.33846391056,99515.09344469046,0,0,1
91068,7392.830727272727,-583.1666060606061,583.1666060606061,47888.05,2933.99418181818,3103.364699039252,38220.84444551336,21430.56,18496.56581818182,18327.19530096075,16790.284445513356,0,0,1
45427,26494.47072727273,-592.0999393939393,592.0999393939393,238300.21,179090.21606060606,191747.535729668,164487.4434487744,148155.78,30934.436060606065,43591.75572966799,16331.663448774401,0,0,1
70627,16096.273272727274,-612.335393939394,612.335393939394,133576.02000000002,72174.10060606062,69328.26628693065,117217.6437505101,150419.47999999998,78245.37939393937,81091.21371306933,33201.836249489876,0,0,1
168578,9217.388545454543,657.8818787878787,657.8818787878787,125161.5,187566.75787878784,188123.2681722024,151132.31786088535,191408.84,3842.082121212152,3285.5718277975975,40276.52213911465,0,1,0
60751,10029.027818181818,711.7824848484848,711.7824848484848,132342.44999999998,203498.7384848485,201344.4200532694,82538.0548770293,112033.82,91464.91848484849,89310.60005326939,29495.76512297071,0,0,1
150634,14100.955636363637,727.8169696969697,727.8169696969697,174965.87,246543.01696969697,227981.5610589485,177193.91631299068,210786.72,35756.29696969697,17194.841058948485,33592.80368700932,0,1,0
70354,28873.14363636364,-733.9590303030304,733.9590303030304,258942.73,182307.37696969695,175760.51780982714,271577.7156351906,236978.01,54670.633030303055,61217.49219017287,34599.70563519059,0,0,1
99592,14992.236181818182,-743.8871515151515,743.8871515151515,116977.22,42058.72484848485,38144.863990622565,118617.4857476287,224677.62,182618.89515151514,186532.75600937742,106060.1342523713,0,0,1
51696,9537.751818181816,-757.2408484848482,757.2408484848482,61355.23,3624.307454545456,3458.460954465277,37469.60191793423,32233.14,28608.832545454545,28774.67904553472,5236.4619179342335,0,0,1
7038,13354.025636363636,-826.9190303030304,826.9190303030304,96556.56,18228.54769696969,17571.33966745882,91310.49700458968,51054.58,32826.03230303031,33483.24033254119,40255.917004589675,1,0,0
34414,23913.93,966.1853333333332,966.1853333333332,286713.95,379236.1733333333,365980.87201416737,311481.7510200372,366387.01,12849.163333333272,406.13798583263997,54905.25897996279,0,1,0
82919,9789.476545454543,-977.5834545454544,977.5834545454544,54210.17,13.641999999999824,13.392891074232288,8497.544068765797,9270.04,9256.398000000001,9256.647108925768,772.4959312342035,0,0,1
17825,22806.222,-1026.080666666667,1026.080666666667,181888.59000000003,79280.5233333333,80282.04164723522,151211.00176953227,308124.43,228843.90666666668,227842.38835276477,156913.42823046772,0,0,1
45614,14170.170363636364,-1049.584303030303,1049.584303030303,94660.55,8399.80351515152,8368.926343719528,71566.25557488218,78279.36,69879.55648484848,69910.43365628047,6713.104425117825,0,0,1
18438,9623.10163636364,1061.0563030303026,1061.0563030303026,145701.22999999998,250084.1803030303,243978.38842808732,121119.13661123895,151906.89,98177.29030303028,92071.4984280873,30787.753388761063,0,0,1
13619,10527.754363636364,-1107.8369696969696,1107.8369696969696,55515.6,0.0,0.0,-8871.626850046101,14786.09,14786.09,14786.09,23657.7168500461,1,1,0
59799,12887.494545454543,-1198.784121212121,1198.784121212121,74929.66,899.6533333333355,922.2385873697048,20835.07271497733,11171.12,10271.466666666665,10248.881412630297,9663.95271497733,0,0,1
35398,16555.67127272727,-1373.5740606060606,1373.5740606060606,104169.57,4339.069818181815,4255.114222865043,78080.02753662066,67755.82,63416.75018181819,63500.705777134965,10324.207536620655,0,0,1
80961,11013.209454545453,1785.3787878787878,1785.3787878787878,193163.1,369012.01878787874,335218.7133716386,212024.92416786647,149440.96000000002,219571.05878787872,185777.7533716386,62583.96416786645,0,0,1
64625,7950.857272727275,1963.5612727272728,1963.5612727272728,168546.11,364224.9572727272,345602.7531537698,196857.49649991925,71522.85,292702.1072727272,274079.9031537698,125334.64649991924,0,0,1
51321,45558.27163636364,-2621.076363636364,2621.076363636364,337634.28,81389.92581818177,82068.5807844679,327573.3731540483,214948.24,133558.31418181822,132879.6592155321,112625.1331540483,0,0,1
124864,601.2761818181807,3227.2228484848483,3227.2228484848483,155275.72,473960.0748484848,465995.9233596725,245134.3386048712,331398.72000000003,142561.35484848474,134597.20335967245,86264.38139512882,0,0,1
34592,96616.92454545456,-5236.027454545454,5236.027454545454,742298.81,209812.8616363637,196603.5004811001,1526062.0128653434,1547991.25,1338178.3883636363,1351387.7495189,21929.237134656636,0,0,1
