Customer,Recency,Lifetime_pc,Exp_buy_range,C_latency,Tr_range_name,Buys_pd,Buy_days_pd,Buy_concentration,Spend_per_buy,Spend_pd,LM_Int_pd,LM_Coef_pd,LM_MAE_pd,LM_Int_spend,LM_Coef_spend,LM_MAE_spend,LM_P,Tr_range_name_2,Buys_pd_2,Buy_days_pd_2,Buy_concentration_2,Spend_per_buy_2,Spend_pd_2,LM_Int_pd_2,LM_Coef_pd_2,LM_MAE_pd_2,LM_Int_spend_2,LM_Coef_spend_2,LM_MAE_spend_2,LM_P_2,Tr_range_name_3,Buys_pd_3,Buy_days_pd_3,Buy_concentration_3,Spend_per_buy_3,Spend_pd_3,LM_Int_pd_3,LM_Coef_pd_3,LM_MAE_pd_3,LM_Int_spend_3,LM_Coef_spend_3,LM_MAE_spend_3,LM_P_3,Changing_P,Mean_P,Median_P,Actual,Branch,Model_name,P-A / S,A_pd,Ridge model,abs Ridge model,abs P-A / S,Training,Target,Predict Actual,Spend,m,ML_Error
753,11,0.8194444444444444,10.909090909090908,1.0083333333333333,0,0.495049504950495,0.1122112211221122,4.411764705882353,23.94953333333334,11.856204620462048,0.0196475518519593,0.0041329487787488,1.3491461546154615,0.0016571535732481,0.0003485895285255,0.1137924148413427,23.562401804980496,1,0.4900662251655629,0.1258278145695364,3.8947368421052633,28.514864864864865,13.974172185430463,-0.0515383052378085,0.0308615291992775,0.7910870559903671,-0.0036881115069944,0.0022084692237765,0.0566106561084998,38.26498181818181,2,0.6831683168316832,0.1782178217821782,3.833333333333334,30.183188405797104,20.620198019801983,-0.0557849603142132,0.0540536235441726,1.1953035703570358,-0.0027053552182496,0.0026213920687019,0.0579676087110881,32.351990303030306,-8.78958849804981,31.393124642064205,0.0022084692237765,4324.160000000001,342,M1_May_1st_2021-05-01,0.5284795603279921,17.296640000000004,0.5128719249361158,0.5128719249361158,0.5284795603279921,360,250,4370.421829711914,4268.233663366337,2,46.26182971191338
7310,43,0.825,51.42857142857143,0.836111111111111,0,0.08,0.0246153846153846,3.25,26.26538461538461,2.101230769230769,0.0053904301758847,0.0002170968425513,0.282798993006993,0.0025653679999451,0.000103318895635,0.1345873081377547,2.735978517482517,1,0.1172839506172839,0.0246913580246913,4.75,20.63578947368421,2.4202469135802467,-0.0065515283554499,0.0046196166457604,0.3395423868312757,-0.0027069669291544,0.0019087377489624,0.140292457321635,6.657289696969698,2,0.1759259259259259,0.037037037037037,4.75,20.63578947368421,3.63037037037037,0.0028142026323844,0.0067087031935516,0.5218226711560046,0.0007751833408934,0.001847939055559,0.1437381363110806,4.756295757575758,-2.0203172400932408,4.716521324009325,0.0019087377489624,1452.87,342,M1_May_1st_2021-05-01,-1.463666688853686,5.81148,-0.8402529661115068,0.8402529661115068,1.463666688853686,360,250,1125.3859759533584,756.4430769230769,2,327.4840240466415
8617,37,0.8833333333333333,30.0,1.2333333333333334,0,0.0906432748538011,0.0380116959064327,2.3846153846153846,145.62838709677422,13.200233918128657,-0.006383154856839,0.0097995797574744,1.984176218323587,-0.0004835637683717,0.0007423792501143,0.150313716456085,42.93568675101898,1,0.1520467836257309,0.0526315789473684,2.888888888888889,165.3623076923077,25.14280701754386,0.1158172957646641,0.0053033256542028,4.033878575225943,0.0046063789012837,0.0002109281453937,0.1604386722775714,23.727134545454543,2,0.131578947368421,0.043859649122807,3.0,268.2186666666667,35.29192982456141,0.5146065922381712,-0.0490015948963317,5.937176714513557,0.0145814239911593,-0.0013884645906279,0.1682304352305943,0.1345599999999999,42.80112675101898,22.26579376549117,0.0145814239911593,3319.99,342,M1_May_1st_2021-05-01,2.246606153720581,13.27996,2.5664874382709284,2.5664874382709284,2.246606153720581,360,250,2264.363054475986,4752.084210526316,2,1055.626945524014
9310,12,0.9194444444444444,12.0,1.0,0,0.2558823529411764,0.088235294117647,2.8999999999999995,36.65551724137931,9.379499999999998,0.0529789713746461,-0.0056427125930586,0.8459469875222816,0.0056483790580144,-0.0006016005749835,0.0901910536299676,0.0,1,0.2823529411764706,0.0941176470588235,3.0,23.219375,6.556058823529412,0.0569241270839886,-0.0040797944846387,0.6520523351158645,0.0086826748533265,-0.0006222937582555,0.0994579750833956,0.4627001212121213,2,0.2743362831858407,0.0884955752212389,3.1,21.6183870967742,5.93070796460177,0.1165152855993563,-0.0149094931617055,0.5318275140788415,0.0196461006501742,-0.0025139482926313,0.0896735292402063,0.0,0.0,0.1542333737373737,0.0196461006501742,8087.84,342,M1_May_1st_2021-05-01,-3.449156138386908,32.35136,-1.297628652078224,1.297628652078224,3.449156138386908,360,250,3042.776985541925,3376.6199999999994,2,5045.0630144580755
9883,5,0.9861111111111112,18.94736842105263,0.2638888888888889,0,0.2506963788300835,0.0529247910863509,4.7368421052631575,183.87844444444448,46.097660167130925,0.0231270504487774,0.0233160012380068,2.480993871866295,0.0005016968402502,0.000505795763895,0.053820386172991,117.31368129247912,1,0.329608938547486,0.0502793296089385,6.555555555555555,203.68254237288136,67.13558659217877,0.174453642570961,0.0441159641103775,6.553346876587101,0.0025985271214012,0.000657117429812,0.0976136086572983,104.92573454545456,2,0.4873949579831932,0.0672268907563025,7.25,206.96810344827588,100.87521008403364,1.2492816399286988,-0.0908121976063152,8.914311688311688,0.0123844266484103,-0.000900242958906,0.0883696963890896,4.682500363636372,112.63118092884277,75.64063873385668,0.0123844266484103,14429.32,342,M1_May_1st_2021-05-01,1.2928292038339337,57.71728,1.213990893359549,1.213990893359549,1.2928292038339337,360,250,15337.885411099738,16595.157660167133,2,908.5654110997384
9896,10,0.9555555555555556,7.826086956521739,1.2777777777777777,0,0.3931623931623931,0.1339031339031339,2.936170212765957,142.3584782608696,55.970000000000006,0.114928731762065,0.0090096645467015,2.686933402400069,0.0020533988165457,0.000160973102496,0.0480066714740051,83.76272488439955,1,0.5257142857142857,0.16,3.2857142857142856,124.70021739130436,65.55668571428572,0.1524673593073593,0.0470525444925444,3.784320831168832,0.0023257331826055,0.0007177383050999,0.0577259327547758,105.17588606060606,2,0.7264957264957265,0.2051282051282051,3.5416666666666665,117.52635294117648,85.38239316239316,0.7608967883967883,-0.0109726323059656,6.347839834239834,0.0089116357625347,-0.0001285116509336,0.0743460050617994,33.796729696969685,49.96599518742987,74.2451135473251,0.0089116357625347,50329.26,342,M1_May_1st_2021-05-01,-2.100309364223699,201.31704,-0.7286685103461703,0.7286685103461703,2.100309364223699,360,250,31136.575352118674,20149.2,2,19192.684647881328
10097,1,0.9805555555555556,8.0,0.125,0,0.9546742209631728,0.1246458923512747,7.659090909090909,40.52379821958457,38.68702549575071,0.0986000658139468,0.0019697541992159,1.0607773371104814,0.0025486597780637,5.0915111047560656e-05,0.0274194597159452,44.74737611949524,1,0.9488636363636364,0.1306818181818181,7.260869565217392,42.592694610778445,40.41465909090909,0.1280901056014692,0.0214301729415365,1.4944633608815427,0.0031693971564461,0.0005302574220243,0.0369782498355332,55.60823515151515,2,1.0598290598290598,0.1367521367521367,7.749999999999999,44.14064516129033,46.78153846153847,0.2638232323232324,0.0280050936717603,2.085620305620305,0.0056394731981748,0.0005986355855907,0.0445821230812022,37.62142060606061,7.125955513434626,45.992343959023664,0.0056394731981748,6087.109999999999,342,M1_May_1st_2021-05-01,0.5272810679574167,24.34844,0.9140533689313759,0.9140533689313759,0.5272810679574167,360,250,2346.3425327925693,13927.329178470256,2,3740.7674672074295
10103,10,0.9027777777777778,51.42857142857143,0.1944444444444444,0,0.0843373493975903,0.0240963855421686,3.5,13.675714285714289,1.1533734939759035,-4.2426390052188055e-05,0.0007632669716298,0.1780397590361445,-3.678460643822844e-05,0.0006617691282281,0.1543643580904627,3.4322932749178534,1,0.0542168674698795,0.0180722891566265,3.0,29.74777777777778,1.612831325301205,-0.0106200631402615,0.004468290273393,0.1968539612997444,-0.0065847326832384,0.0027704634720921,0.1220548970072743,6.114726060606061,2,0.0818181818181818,0.0272727272727272,3.0,29.74777777777778,2.4339090909090912,-0.0246782870022539,0.0104010518407212,0.2969603305785123,-0.0101393626797442,0.0042733937268118,0.1220096229919559,6.105029090909092,-2.6727358159912384,5.217349475477668,0.0027704634720921,681.0999999999999,342,M1_May_1st_2021-05-01,0.6137589242471725,2.7244,-0.011218351700930995,0.011218351700930995,0.6137589242471725,360,250,861.3080561039517,415.21445783132526,2,180.20805610395178
10107,3,0.9888888888888888,3.103448275862069,0.9666666666666668,0,0.8268156424581006,0.3240223463687151,2.5517241379310347,121.43175675675676,100.40167597765364,0.471034309576209,-0.0426979478208528,4.696183714237344,0.0046914984734024,-0.0004252712656943,0.0467739573917329,2.3410647272727183,1,0.8324022346368715,0.3016759776536313,2.759259259259259,80.95060402684564,67.38346368715084,0.2832835054455167,0.0202375712431578,3.2670781107160995,0.0042040508152081,0.0003003343867438,0.048484864563872,74.32874181818183,2,0.9663865546218487,0.3361344537815126,2.875,85.23269565217389,82.36773109243696,0.7719435956200663,-0.0190101858925388,5.0915673032849496,0.0093719176840473,-0.0002307965223808,0.0618150729145489,28.34842181818182,-26.007357090909096,35.006076121212125,0.0093719176840473,17797.04,342,M1_May_1st_2021-05-01,-0.6857165938948127,71.18816000000001,-0.6533307481764883,0.6533307481764883,0.6857165938948127,360,250,16984.141702981633,36144.60335195531,2,812.8982970183679
10113,2,0.9583333333333334,10.588235294117649,0.1888888888888888,0,0.2312138728323699,0.1011560693641618,2.2857142857142856,39.232,9.070982658959537,0.0252485398994069,0.000148567424868,0.4612015764582238,0.0027834404329357,1.6378316490469907e-05,0.0508436179185822,9.519460173060084,1,0.2658959537572254,0.1040462427745664,2.555555555555556,37.85652173913044,10.065895953757224,0.0634884685000292,-0.0016815165138864,0.6948308985811876,0.0063072843979011,-0.0001670508538545,0.0690282218069056,4.871103030303032,2,0.1391304347826087,0.0782608695652174,1.7777777777777777,49.819375,6.931391304347827,-0.0034777338603425,0.0136087395696091,0.5521828722002636,-0.0005017367664931,0.0019633489110725,0.0796640743473677,10.700464242424244,-1.1810040693641586,8.363675815262452,-0.0001670508538545,1505.88,342,M1_May_1st_2021-05-01,0.3853981761950669,6.02352,-0.6981322210242293,0.6981322210242293,0.3853981761950669,360,250,3963.0513609079435,3265.5537572254334,2,2457.1713609079434
10161,3,0.9777777777777776,13.333333333333334,0.2249999999999999,0,0.268361581920904,0.0790960451977401,3.392857142857143,27.07526315789473,7.265960451977401,0.0321259344861039,-0.0026539357796419,0.5553649032699881,0.0044214298575436,-0.0003652560177257,0.0764337910921119,0.4484829090909088,1,0.1864406779661017,0.0564971751412429,3.3000000000000003,30.793030303030307,5.741073446327684,0.0258456314558009,0.0013442713386216,0.6111885636021229,0.0045018813463069,0.0002341498242774,0.1064589347821484,5.777819393939394,2,0.2288135593220339,0.059322033898305,3.857142857142857,24.79592592592593,5.6736440677966105,0.0091588341037493,0.0084714518061975,0.5456055469953776,0.0016142771725379,0.0014931235912878,0.0961649233677195,7.476190303030304,-7.027707393939395,4.567497535353535,0.0016142771725379,235.95,342,M1_May_1st_2021-05-01,-0.06816952750882269,0.9438,-0.7553191186974137,0.7553191186974137,0.06816952750882269,360,250,1484.1504385421854,2615.7457627118642,2,1248.2004385421853
10167,40,0.9111111111111112,30.0,1.3333333333333333,0,0.1352112676056338,0.0366197183098591,3.692307692307692,16.403958333333335,2.218,0.0141690283112818,-0.0017795371555934,0.1866275714895433,0.0063882003206861,-0.0008023161206463,0.0841422774975398,0.0,1,0.0564971751412429,0.0338983050847457,1.6666666666666667,17.486,0.987909604519774,0.0064449009872738,-0.0002125587323327,0.1319265879130285,0.0065237760193724,-0.0002151601030704,0.1335411532689354,0.4285551515151514,2,0.0423728813559322,0.0169491525423728,2.5,18.028,0.7638983050847458,0.0028854648176682,0.0007734120869714,0.1166551617873651,0.003777289199965,0.0010124542518596,0.1527103293866107,0.798620606060606,-0.798620606060606,0.4090585858585858,0.003777289199965,237.22,342,M1_May_1st_2021-05-01,-0.4278088367899008,0.94888,0.5482244410668026,0.5482244410668026,0.4278088367899008,360,250,0.0,798.48,2,237.22
10175,1,1.0,40.0,0.025,0,0.1916666666666666,0.0277777777777777,6.900000000000001,36.18188405797102,6.934861111111112,0.0270610409652076,-0.0017327861952861,0.9937576767676768,0.0039021749003523,-0.0002498660272388,0.1432988578784176,1.679993454545454,1,0.0611111111111111,0.0166666666666666,3.6666666666666665,62.42272727272727,3.814722222222222,-0.0308260381593715,0.0115597643097643,0.7074575757575758,-0.008080808080808,0.003030303030303,0.1854545454545454,17.72805454545455,2,0.0916666666666666,0.025,3.666666666666666,62.42272727272727,5.722083333333333,-0.0491207070707071,0.0215121632996633,0.7941043434343434,-0.0085844095951137,0.0037594984285437,0.1387788847478646,15.137606060606064,-13.45761260606061,11.515218020202022,0.003030303030303,5151.55,342,M1_May_1st_2021-05-01,-2.729139955684299,20.6062,-6.548378363981382,6.548378363981382,2.729139955684299,360,250,11773.021977940336,2496.55,2,6621.471977940336
10186,12,0.9611111111111112,7.659574468085107,1.5666666666666669,0,0.4647887323943662,0.1352112676056338,3.4375000000000004,53.124,24.691436619718303,0.023190439607341,0.0100881965191824,1.0291708749466495,0.0009392098144998,0.0004085706585062,0.0416812877596909,55.64847998634229,1,0.7796610169491526,0.1864406779661017,4.181818181818182,45.82702898550724,35.72954802259887,0.1823270558694287,0.0035934295877798,1.8958350282485872,0.0051029768345826,0.0001005730491051,0.0530607055832185,29.875986666666662,2,0.9067796610169492,0.2033898305084746,4.458333333333333,42.12,38.1935593220339,0.3628305084745762,-0.0099001883239171,2.2669197740113,0.009499782552742,-0.0002592109376463,0.0593534568197081,12.419893333333336,43.22858665300895,32.64811999544743,0.009499782552742,3654.88,342,M1_May_1st_2021-05-01,1.661667590195097,14.61952,0.8601591571740472,0.8601591571740472,1.661667590195097,360,250,8602.478668527247,8888.917183098589,2,4947.598668527246
10188,8,0.9805555555555556,16.363636363636363,0.4888888888888889,0,0.1117318435754189,0.0642458100558659,1.7391304347826086,254.10975,28.392150837988822,0.0766609531064838,0.0004902516787991,2.4095793803961403,0.0027000755787726,1.7267155334466792e-05,0.0848678000531087,29.891050242762823,1,0.106145251396648,0.0558659217877094,1.9,159.41631578947369,16.921284916201117,0.0238536764290953,0.0155896582209431,1.5955372947350603,0.0014096846987226,0.0009213046348517,0.0942917339100784,32.20759151515152,2,0.0588235294117647,0.0336134453781512,1.75,301.21000000000004,17.718235294117648,-0.079106824548001,0.0503908411849588,2.052007537560479,-0.0044647123844361,0.0028440101595043,0.1158133134309224,37.21712848484849,-7.326078242085664,33.10525674758761,0.0009213046348517,5474.860000000001,342,M1_May_1st_2021-05-01,0.2814725199356864,21.89944,2.701756042058755,2.701756042058755,0.2814725199356864,360,250,0.0,10221.174301675976,2,5474.860000000001
10200,12,0.9305555555555556,3.8297872340425534,3.1333333333333333,0,1.2209302325581397,0.2732558139534883,4.468085106382979,159.67564285714286,194.95281976744187,0.4408025672002416,0.0258234420618141,12.507273608174769,0.0022610730520649,0.0001324599566839,0.0641553870474642,273.10798363636366,1,1.552325581395349,0.3197674418604651,4.854545454545455,148.4144194756554,230.3875,2.261820002349072,-0.2181976548430037,23.715157011980267,0.0098174597248074,-0.0009470898153893,0.1029359536085085,0.9887813333333288,2,1.543859649122807,0.2982456140350877,5.176470588235294,94.46613636363638,145.8424561403509,2.7238426368952697,-0.335219741272373,13.19992142477406,0.0186766097402665,-0.0022985058682073,0.0905080850535811,0.0,273.10798363636366,91.36558832323232,0.0186766097402665,66447.97,342,M1_May_1st_2021-05-01,0.037527559976259915,265.79188,0.14389513600661244,0.14389513600661244,0.037527559976259915,360,250,61263.805280263754,70183.01511627907,2,5184.164719736247
10237,1,0.9916666666666668,15.0,0.0666666666666666,0,0.134453781512605,0.0700280112044818,1.92,20.5575,2.764033613445378,0.010572659366777,-0.0006432862707372,0.2320819285289873,0.0038250834994724,-0.000232734604821,0.0839649443480162,0.795259393939394,1,0.1573033707865168,0.0730337078651685,2.1538461538461537,17.746785714285714,2.791629213483146,0.0205196912949721,-0.0011134755797677,0.2272427647259108,0.0073504357942183,-0.0003988622752584,0.0814014854223342,0.5687650909090908,2,0.1260504201680672,0.0756302521008403,1.6666666666666667,15.047333333333334,1.8967226890756304,0.0221805449452508,-0.0014165605636193,0.1338787878787878,0.011694142255482,-0.0007468464271441,0.0705842707792111,0.153317090909091,0.6419423030303031,0.5057805252525253,0.011694142255482,404.0,342,M1_May_1st_2021-05-01,-0.29693582670926705,1.616,-0.7815726021193861,0.7815726021193861,0.29693582670926705,360,250,738.8880843863369,995.052100840336,2,334.8880843863369
10268,23,0.7472222222222222,18.94736842105263,1.213888888888889,0,0.343859649122807,0.0701754385964912,4.9,20.621122448979587,7.090771929824561,0.0363542209756365,-0.0026451740636858,0.4960303668261563,0.0051269764893617,-0.0003730445838428,0.0699543535929844,0.7848072727272729,1,0.3450704225352112,0.0845070422535211,4.083333333333333,18.908979591836733,6.524929577464788,0.0549484421681604,-0.002544202589273,0.5657482714468628,0.0084213080793908,-0.0003899203139387,0.0867056517208696,1.5384993939393938,2,0.3894736842105263,0.1052631578947368,3.7,18.424864864864865,7.175999999999999,0.1190606698564593,-0.010511259968102,0.7141126634768741,0.0165915091773215,-0.0014647798171825,0.0995140277977806,0.0660625454545455,0.7187447272727273,0.7964564040404042,0.0165915091773215,1772.8700000000003,342,M1_May_1st_2021-05-01,-0.8894197683535943,7.091480000000002,-0.8120954098841149,0.8120954098841149,0.8894197683535943,360,250,1635.7976523682314,2552.6778947368416,2,137.07234763176893
10307,2,0.9972222222222222,2.706766917293233,0.7388888888888889,0,1.5972222222222223,0.3694444444444444,4.323308270676692,94.03652173913044,150.19722222222222,0.5269664001122335,-0.0243893097643097,6.403398484848484,0.0035084963111539,-0.0001623818963058,0.0426332683794539,75.77665797979799,1,1.477777777777778,0.3388888888888889,4.360655737704918,81.2451879699248,120.06233333333331,0.980311111111111,-0.0696218106995884,5.946492592592593,0.0081650179860276,-0.0005798805401049,0.0495283776976342,9.386239999999995,2,1.2416666666666667,0.35,3.547619047619048,75.55194630872484,93.81033333333336,1.3039300505050506,-0.1160393939393939,6.071273333333332,0.0138996420135491,-0.0012369574844924,0.064718598875035,0.9851490909090916,74.7915088888889,28.716015690235693,0.0138996420135491,60599.26,342,M1_May_1st_2021-05-01,-1.1093439649215424,242.39704,-0.40895589393575627,0.40895589393575627,1.1093439649215424,360,250,34300.174315088574,54071.0,2,26299.085684911428
10466,1,0.9861111111111112,9.0,0.1111111111111111,0,0.7014084507042253,0.1154929577464788,6.073170731707317,28.013493975903614,19.648901408450705,0.0101317968416559,0.009877441077441,1.927701749893299,0.0005156418993124,0.0005026968618811,0.0981073552063436,49.95921219632949,1,1.2768361581920904,0.192090395480226,6.647058823529411,29.301194690265486,37.41282485875706,0.3593408092221651,-0.0336648404953489,3.454303441191577,0.0096047494563366,-0.0008998208668402,0.0923293938437541,0.289192,2,0.9491525423728814,0.1525423728813559,6.222222222222222,25.40714285714285,24.11525423728813,0.3426014381099127,-0.0314757746961136,2.509219311761685,0.0142068350073691,-0.0013052225942301,0.104051124117191,0.157706666666666,49.801505529662826,16.802036954332053,0.0142068350073691,2947.9100000000008,342,M1_May_1st_2021-05-01,1.9424786863612729,11.791640000000005,1.4496949927140186,1.4496949927140186,1.9424786863612729,360,250,5368.574553041769,7073.604507042253,2,2420.664553041768
10553,9,0.9527777777777776,6.428571428571429,1.4,0,0.3810888252148997,0.157593123209169,2.4181818181818184,123.37293233082706,47.0160458452722,0.1453203587243701,-0.0024419553703221,3.1648465746288093,0.0030908673009766,-5.193876529639487e-05,0.067314180036411,39.67328140314318,1,0.3793103448275862,0.1724137931034483,2.2,117.66878787878788,44.63298850574712,0.2623306048995704,-0.0031932350323154,3.78328324625566,0.0058775048161023,-7.15442801215142e-05,0.0847642824940684,27.064075151515144,2,0.4137931034482758,0.1982758620689655,2.0869565217391304,144.30895833333332,59.71405172413793,1.063050287356322,-0.1256518199233716,3.656257471264368,0.0178023472978741,-0.0021042253254535,0.0612294320297548,0.0,39.67328140314318,22.24578551821944,0.0178023472978741,15427.190000000002,342,M1_May_1st_2021-05-01,-0.46867996235529147,61.70876000000001,-0.1739418725496873,0.1739418725496873,0.46867996235529147,360,250,11962.835114337942,16925.77650429799,2,3464.35488566206
10614,16,0.8027777777777778,72.0,0.2222222222222222,0,0.03,0.02,1.5,237.45111111111115,7.123533333333334,0.0225632323232323,0.0002626397306397,0.854824,0.0031674214560984,3.686930605220222e-05,0.1199999999999999,7.846843151515152,1,0.0133333333333333,0.0133333333333333,1.0,560.9100000000001,7.4788000000000014,-0.0320698181818181,0.0182063299663299,0.9641031111111112,-0.004288096777801,0.0024343918765483,0.128911471240187,20.872976969696968,2,0.02,0.02,1.0,560.9100000000001,11.2182,0.0345414545454545,0.0172534545454545,1.656884363636364,0.0030790549772204,0.0015379877828398,0.1476960977372808,11.38866181818182,-3.541818666666668,13.36949397979798,0.0030790549772204,3392.14,342,M1_May_1st_2021-05-01,-0.8032133185523355,13.56856,-0.6353753471764296,0.6353753471764296,0.8032133185523355,360,250,3093.240154076172,2564.472,2,298.8998459238278
10660,15,0.9361111111111112,21.176470588235293,0.7083333333333334,0,0.1440922190201729,0.0518731988472622,2.7777777777777777,415.7238,59.90256484149857,0.2404662300235787,-0.0154035655027009,6.166790673303642,0.0040142893824304,-0.0002571436722861,0.1029470222121689,13.968205818181788,1,0.1907514450867052,0.0578034682080924,3.3,299.2690909090909,57.08601156069364,0.0633692415484322,0.0563945038049084,3.914353266771764,0.0011100660182058,0.0009878865638554,0.0685693948439546,109.74851393939394,2,0.2434782608695652,0.0695652173913043,3.5,337.0303571428572,82.05956521739131,0.652339393939394,0.0069978480456741,8.008491172595521,0.0079495838445064,8.527766418376088e-05,0.0975936339825773,41.61021212121212,-27.64200630303033,55.10897729292928,0.0079495838445064,1465.73,342,M1_May_1st_2021-05-01,0.13530782596084612,5.86292,0.0948595308392628,0.0948595308392628,0.13530782596084612,360,250,2071.469155312179,21564.923342939484,2,605.7391553121788
10668,16,0.9305555555555556,13.846153846153848,1.1555555555555554,0,0.2398843930635838,0.0780346820809248,3.074074074074074,16.024457831325304,3.844017341040463,0.0067371668793634,0.0009434977354052,0.2489865825888947,0.0017526369632713,0.0002454457541936,0.0647724920308245,6.692135084953583,1,0.2138728323699422,0.0693641618497109,3.083333333333333,18.573783783783785,3.97242774566474,0.008816897296666,0.002944921274401,0.2286370292520581,0.0022195236417549,0.000741340425289,0.0575559944423352,6.417113939393939,2,0.2956521739130435,0.0869565217391304,3.4000000000000004,17.680882352941175,5.227391304347826,0.031660606060606,0.0026446640316205,0.4556686166007905,0.0060566742027275,0.0005059242512457,0.0871694101457055,3.864454545454546,2.827680539499038,5.657901189934023,0.0060566742027275,453.50000000000006,342,M1_May_1st_2021-05-01,1.2690200517235997,1.8140000000000005,4.610039641117267,4.610039641117267,1.2690200517235997,360,250,0.0,1383.8462427745667,2,453.50000000000006
18636,1,1.0,1.2996389891696751,0.7694444444444444,0,4.325,0.7583333333333333,5.703296703296704,27.023281952472704,116.87569444444443,0.1457116722783389,0.0397651187803965,3.930937845117845,0.001246723478059,0.0003402342888263,0.0336334929499509,238.21338728619529,1,6.005555555555556,0.9111111111111112,6.591463414634147,24.87258094357077,149.37366666666668,0.7051744107744107,0.0277065095398428,5.325142020202021,0.0047208750143894,0.0001854845647035,0.0356498045407514,143.45667636363635,2,6.2,0.9083333333333332,6.825688073394495,29.076814516129037,180.27625,2.1880609848484847,-0.152390867003367,5.535720202020203,0.0121372670268462,-0.0008453185985584,0.0307068745995116,10.349872727272716,227.86351455892256,130.67331212570144,0.0121372670268462,52983.59000000001,342,M1_May_1st_2021-05-01,0.22484595630519827,211.93436000000003,0.6531178518776465,0.6531178518776465,0.22484595630519827,360,250,40469.94619848289,42075.25,2,12513.643801517122
20543,22,0.9277777777777778,17.142857142857142,1.2833333333333334,0,0.1289398280802292,0.0630372492836676,2.0454545454545454,122.66222222222224,15.816045845272209,0.0379334648159863,0.0016122750220171,1.0644126074498568,0.0023984164681291,0.0001019391975586,0.0672995398383999,20.66402785447599,1,0.1781609195402299,0.057471264367816,3.1,104.81548387096774,18.674022988505747,0.1424427609427609,-0.0085995975076434,1.4921991640543364,0.0076278561416807,-0.0004605112413611,0.0799077501924901,2.687706424242425,2,0.2241379310344827,0.0689655172413793,3.25,77.95307692307692,17.472241379310343,0.2685949582027168,-0.0273317659352142,1.4824777429467086,0.0153726675571671,-0.0015642964941852,0.0848475997305174,0.0,20.66402785447599,7.783911426239471,0.0153726675571671,1917.36,342,M1_May_1st_2021-05-01,0.821607877316591,7.669440000000001,0.543160677747431,0.543160677747431,0.821607877316591,360,250,3018.343418468374,5693.776504297995,2,1100.9834184683739
34205,1,0.9694444444444444,51.42857142857143,0.0194444444444444,0,0.0544412607449856,0.0229226361031518,2.375,9.912631578947368,0.5396561604584527,0.0040026494994976,-0.0005468388345179,0.0796714769471216,0.0074170366110474,-0.0010133097230899,0.1476337764391284,0.0,1,0.0172413793103448,0.0114942528735632,1.5,10.86,0.1872413793103448,-0.0010619993033786,0.0004671620418746,0.0246103796586555,-0.0056718194839741,0.0024949722310066,0.1314366501106832,0.7155806060606059,2,0.0258620689655172,0.0172413793103448,1.5,10.86,0.2808620689655172,-0.001882053291536,0.0009383490073145,0.0382203761755485,-0.0067009877783358,0.0033409602470375,0.136082370668006,0.6527927272727272,-0.6527927272727272,0.4561244444444443,0.0024949722310066,2590.71,342,M1_May_1st_2021-05-01,-19.20267155144951,10.36284,-4.292031736096887,4.292031736096887,19.20267155144951,360,250,579.0553418169683,194.27621776504296,2,2011.6546581830316
34221,4,0.9472222222222222,25.714285714285715,0.1555555555555555,0,0.1482558139534883,0.0436046511627907,3.4000000000000004,31.56843137254902,4.6802034883720935,0.0011734672304439,0.0027107872747407,0.5735625792811839,0.0002507299593616,0.0005792028661735,0.1225507781245394,12.884455391120504,1,0.1860465116279069,0.0348837209302325,5.333333333333333,36.1909375,6.733197674418605,-0.0182639769790932,0.012371251272414,1.098525440451022,-0.0027125264788353,0.0018373515631979,0.1631506296962946,19.952997575757585,2,0.1140350877192982,0.0263157894736842,4.333333333333333,71.34076923076925,8.135350877192984,-0.087989101541733,0.0346185982633351,1.0212466772993092,-0.0108156492411907,0.0042553294610053,0.1255319767660321,22.653016969696967,-9.768561578576463,18.496823312191683,0.0018373515631979,853.4499999999999,342,M1_May_1st_2021-05-01,2.0235563292600904,3.4138,0.45766792226454633,0.45766792226454633,2.0235563292600904,360,250,2685.6190962054916,1684.8732558139536,2,1832.1690962054918
34386,31,0.8888888888888888,21.176470588235293,1.463888888888889,0,0.1352941176470588,0.0529411764705882,2.555555555555556,9.003260869565217,1.2180882352941176,0.0038127083988675,-5.113243158225849e-05,0.0778588235294117,0.0031300757107689,-4.197760892905442e-05,0.0639188699746468,1.066977582887701,1,0.1176470588235294,0.0411764705882352,2.857142857142857,10.028,1.179764705882353,0.0093184649260773,-0.000528593897452,0.1334329411764706,0.0078985791655023,-0.0004480502720724,0.1131013163143199,0.2018327272727273,2,0.1415929203539823,0.0442477876106194,3.2,5.251250000000001,0.7435398230088497,0.0077271386430678,-0.0003402163225172,0.1000389380530973,0.0103923668967706,-0.0004575630140971,0.1345441561532968,0.1515466666666665,0.9154309162210346,0.4734523256090316,0.0103923668967706,158.38,342,M1_May_1st_2021-05-01,0.35585072602153417,0.63352,0.8290938516134255,0.8290938516134255,0.35585072602153417,360,250,14.267029070675118,438.51176470588234,2,144.1129709293249
34542,16,0.9583333333333334,11.25,1.4222222222222225,0,0.3089887640449438,0.0926966292134831,3.333333333333333,45.67036363636363,14.111629213483145,0.0871736465781409,-0.0106610392312639,1.312176098059244,0.0061774331836078,-0.0007554789790733,0.0929854432970438,0.0,1,0.2528089887640449,0.0674157303370786,3.75,18.85888888888889,4.767696629213484,0.0271018613097264,-0.0001365906253546,0.34724126659857,0.00568447689051,-2.864918554543245e-05,0.0728320808985393,3.219545454545456,2,0.2796610169491525,0.0677966101694915,4.125,20.17363636363637,5.641779661016949,0.0784614791987673,-0.0069881441533983,0.5380633795582948,0.0139072214643392,-0.0012386418068901,0.0953712147385257,0.057613818181818,-0.0576138181818182,1.0923864242424246,0.0139072214643392,1928.21,342,M1_May_1st_2021-05-01,-0.5465591451786916,7.71284,-0.638299973516733,0.638299973516733,0.5465591451786916,360,250,2251.8631383110614,5080.1865168539325,2,323.6531383110614
34544,1,0.9944444444444444,4.931506849315069,0.2027777777777777,0,0.6340782122905028,0.2039106145251396,3.10958904109589,115.85819383259911,73.463156424581,0.4029027989391118,-0.0441863278972217,6.642500761808023,0.0054844199262352,-0.0006014760329905,0.0904194848832471,0.0,1,0.770949720670391,0.2011173184357542,3.833333333333333,65.23963768115942,50.296480446927376,0.2337254669601039,0.0101554276470477,2.2236708312172,0.004646954714987,0.0002019112979041,0.0442112611351326,49.10059515151515,2,0.8403361344537815,0.1764705882352941,4.761904761904762,67.2405,56.5046218487395,0.5238823529411765,-0.0117801120448179,3.858433613445378,0.0092714956016091,-0.0002084805040612,0.0682852744997434,20.1674,-20.1674,23.08933171717172,0.0092714956016091,8446.369999999999,342,M1_May_1st_2021-05-01,-0.4598969285329437,33.78547999999999,-0.7030754330074124,0.7030754330074124,0.4598969285329437,360,250,12912.535128325888,26446.73631284916,2,4466.165128325889
34548,16,0.9333333333333332,11.25,1.4222222222222225,0,0.2449567723342939,0.0922190201729106,2.65625,32.6835294117647,8.006051873198846,0.0499228713649462,-0.0060107638758935,0.4100738800104794,0.0062356417564653,-0.0007507775331827,0.0512204875143574,0.0,1,0.0751445086705202,0.0462427745664739,1.6250000000000002,41.94461538461538,3.151907514450867,0.0489313364862497,-0.0069823864852766,0.428502084428096,0.0155243566830274,-0.0022152891394382,0.135950081803955,0.0,2,0.0695652173913043,0.0434782608695652,1.6,13.05125,0.9079130434782609,0.0142538866930171,-0.0014862099253403,0.1395919894598155,0.0156996166047023,-0.0016369518380819,0.1537503954398887,0.0,0.0,0.0,0.0156996166047023,1285.9400000000005,342,M1_May_1st_2021-05-01,-0.6424839710593574,5.143760000000001,-0.7844887297141607,0.7844887297141607,0.6424839710593574,360,250,1570.1643660078598,2882.1786743515845,2,284.2243660078593
43412,22,0.9277777777777778,22.5,0.9777777777777776,0,0.1002865329512893,0.0487106017191977,2.0588235294117645,80.76285714285714,8.099426934097421,-0.0017198972946823,0.0055246926903087,0.6620045497959539,-0.0002123480227276,0.0006821090844156,0.0817347394059461,24.711735878440564,1,0.1551724137931034,0.0632183908045977,2.4545454545454546,88.84074074074074,13.785632183908046,0.0349450830140485,0.0092537249893571,1.4498314176245208,0.0025348915847936,0.0006712586601693,0.1051697447228359,21.187866666666668,2,0.2155172413793103,0.0862068965517241,2.5,95.4908,20.579913793103447,0.2558262800417973,-0.0187393329850226,2.1732965517241385,0.0124308722871097,-0.0009105642119503,0.1056028015264298,0.8980950303030306,23.81364084813753,15.599232525136754,0.0124308722871097,1158.78,342,M1_May_1st_2021-05-01,2.478769923081953,4.63512,2.0330239390735683,2.0330239390735683,2.478769923081953,360,250,2061.3517571608177,2915.7936962750714,2,902.5717571608177
43416,2,0.8694444444444445,8.372093023255815,0.2388888888888888,0,0.6560509554140127,0.1401273885350318,4.681818181818182,81.20218446601943,53.27277070063695,-0.0027031521424435,0.0375956801293186,3.8598670526925294,-5.074172240136972e-05,0.0007057203827558,0.0724547832209219,161.3462150966995,1,0.6687898089171974,0.1592356687898089,4.2,106.35133333333334,71.12668789808917,-0.2924633757961783,0.1637789278131634,7.115381740976646,-0.0041118655238835,0.0023026367830852,0.1000381425207316,209.23262666666665,2,0.7788461538461539,0.1826923076923076,4.2631578947368425,132.04111111111112,102.83971153846156,-0.4140429116338212,0.2997665289256199,11.290812587412589,-0.0040260995041683,0.0029148907989061,0.10979039534927,179.95448363636368,-18.60826853966418,183.51110846657664,0.0023026367830852,7910.509999999998,342,M1_May_1st_2021-05-01,2.434718025566271,31.642039999999994,1.8670874766413927,1.8670874766413927,2.434718025566271,360,250,15470.323018887935,19178.197452229302,2,7559.813018887937
48726,3,0.9944444444444444,3.4615384615384617,0.8666666666666666,0,2.036111111111111,0.2888888888888888,7.048076923076923,154.73646657571624,315.0606388888889,1.7974736391694723,-0.2049567106247661,14.21211606060606,0.0057051672513219,-0.0006505309941209,0.0451091450545118,0.0,1,1.022222222222222,0.1888888888888888,5.411764705882352,103.17135869565216,105.46405555555556,0.7145441638608305,-0.0285850542461653,4.015081279461279,0.0067752388251789,-0.0002710407265829,0.0380706133318213,38.88788969696971,2,1.4416666666666669,0.225,6.407407407407407,70.11040462427746,101.07583333333334,0.9742732323232324,-0.0293276936026936,5.365703131313131,0.0096390323996659,-0.0002901553480739,0.0530859153405921,31.62364848484848,-31.62364848484848,23.503846060606065,0.0096390323996659,46950.23,342,M1_May_1st_2021-05-01,-0.5960786490572405,187.80092,-0.5602285374205866,0.5602285374205866,0.5960786490572405,360,250,44126.490230879455,113421.83,2,2823.739769120548
51323,44,0.875,27.692307692307693,1.5888888888888888,0,0.066860465116279,0.0406976744186046,1.6428571428571426,18.23260869565217,1.2190406976744186,0.0047292962851102,-0.0002769606362629,0.1502830866807611,0.0038795228856037,-0.0002271955618801,0.1232797944871391,0.3808137928118398,1,0.063953488372093,0.0406976744186046,1.5714285714285714,18.59454545454545,1.189186046511628,0.0010569062720225,0.0012332628611698,0.1379109936575053,0.0008887644411258,0.0010370646920954,0.1159709147799497,2.345432727272727,2,0.087719298245614,0.0526315789473684,1.6666666666666667,19.511000000000003,1.7114912280701755,0.0166741095162147,-0.0005359294701399,0.2120894205209995,0.0097424452096175,-0.0003131359725076,0.1239208340904819,0.4871793939393939,-0.106365601127554,1.0711419713413204,0.0097424452096175,0.0,342,M1_May_1st_2021-05-01,0.3123880880583591,0.0,-0.11759438782004036,0.11759438782004036,0.3123880880583591,360,250,131.04153434564446,438.8546511627907,2,131.04153434564446
54829,4,0.9666666666666668,51.42857142857143,0.0777777777777777,0,0.0341880341880341,0.0227920227920227,1.5,28.17583333333333,0.9632763532763532,0.0035610089498978,-0.0001967202893128,0.1259462315462315,0.0036967677424925,-0.0002042199921588,0.1307477663267199,0.3564398998532337,1,0.0342857142857142,0.0285714285714285,1.2000000000000002,30.206666666666663,1.0356571428571428,0.0043370274170274,0.0003148051948051,0.1117550129870129,0.0041877057933116,0.0003039666138319,0.1079073453582392,1.1216145454545454,2,0.0427350427350427,0.0341880341880341,1.25,30.847999999999995,1.318290598290598,0.015018389018389,-0.0008961408961408,0.1589771561771562,0.0113923205079844,-0.0006797749277002,0.1205934081478687,0.1324247272727272,0.2240151725805065,0.5368263908601688,0.0113923205079844,2074.02,342,M1_May_1st_2021-05-01,-8.242328458642202,8.29608,-1.5040912938368887,1.5040912938368887,8.242328458642202,360,250,451.3238690937859,346.77948717948715,2,1622.696130906214
56754,1,0.9861111111111112,20.0,0.05,0,0.0929577464788732,0.0507042253521126,1.8333333333333333,8.98090909090909,0.8348450704225352,0.0017776355100298,0.0001203063498838,0.0833762185232608,0.0021292998821088,0.0001441061990375,0.0998702890837722,1.2040219479300045,1,0.1694915254237288,0.0903954802259887,1.875,7.669333333333332,1.2998870056497174,0.0132517263025737,-0.0013400292948315,0.0932610169491525,0.0101945217122546,-0.0010308813681553,0.0717454798331015,0.0,2,0.1440677966101695,0.0847457627118644,1.7000000000000002,6.357647058823529,0.9159322033898304,0.0138977914740626,-0.001392227358329,0.0999067282999486,0.0151733844739026,-0.0015200113645709,0.1090765538433932,0.0,1.2040219479300045,0.4013406493100014,0.0151733844739026,344.14,342,M1_May_1st_2021-05-01,-0.2066707442887213,1.3765599999999998,-0.2629510138920361,0.2629510138920361,0.2066707442887213,360,250,355.8863264100946,300.5442253521127,2,11.746326410094639
59231,9,0.6555555555555556,72.0,0.125,0,0.0950413223140495,0.024793388429752,3.8333333333333335,26.10695652173913,2.4812396694214875,0.0277478888054094,-0.0039606511394941,0.3774344603055347,0.0111830747941729,-0.0015962388431495,0.1521152772773197,0.0,1,0.0413223140495867,0.0165289256198347,2.5,20.31,0.8392561983471075,0.0053213893544472,0.0002520950124255,0.1323146506386176,0.0063406017911187,0.000300379089153,0.1576570431046059,0.5648181818181817,2,0.0625,0.025,2.5,20.31,1.269375,0.0311582386363636,-0.0033980113636363,0.2031,0.0245461259567611,-0.0026769168792802,0.1599999999999999,0.0,0.0,0.1882727272727272,0.0245461259567611,39.71,342,M1_May_1st_2021-05-01,-0.06401638743629884,0.15884,0.006781100872215617,0.006781100872215617,0.06401638743629884,360,250,0.0,893.2462809917355,2,39.71
69214,2,0.8611111111111112,12.413793103448276,0.1611111111111111,0,1.3569131832797428,0.0964630225080385,14.066666666666668,841.8698578199052,1142.344308681672,2.223270407044725,0.2992345683523336,65.87373173536004,0.001946234939981,0.0002619477911153,0.0576653914539846,2006.208174872845,1,1.8064516129032255,0.1225806451612903,14.736842105263158,830.9487857142857,1501.0687741935485,12.035685263929622,-0.5897789833822094,79.22195284457479,0.008018077166648,-0.0003929060370328,0.0527770307440689,345.6018884848485,2,1.6601941747572817,0.1067961165048543,15.545454545454543,646.811461988304,1073.8326213592231,9.2707040038514,0.1092023857284228,94.087191056193,0.0086332858766358,0.0001016940476162,0.087618115882064,491.9095612121212,1514.2986136607233,947.9065415232716,0.0086332858766358,116260.23,342,M1_May_1st_2021-05-01,1.3491267415263235,465.04092,1.3520752402477563,1.3520752402477563,1.3491267415263235,360,250,115418.1798166041,411243.9511254019,2,842.0501833958988
71948,16,0.9666666666666668,4.044943820224719,3.9555555555555553,0,1.7604456824512535,0.2479108635097493,7.101123595505618,19.665664556962028,34.620334261838444,0.0712652148223178,0.005533862299879,1.9260555077234744,0.0020584785312391,0.0001598442770085,0.0556336485129359,51.52287472879211,1,1.977653631284916,0.2737430167597765,7.224489795918368,21.871214689265532,43.25368715083799,0.4227523841769652,-0.0405453604950811,2.2486814288132724,0.0097737883640464,-0.0009373850685535,0.0519882020918003,0.2229466666666658,2,1.1428571428571428,0.2184873949579832,5.230769230769231,21.04727941176471,24.05403361344538,0.2270883626177743,-0.0059195738901621,1.5736736440030554,0.009440760176324,-0.0002460948539979,0.0654224430418782,8.068459393939396,43.45441533485272,19.938093596466057,0.009440760176324,777.97,342,M1_May_1st_2021-05-01,1.3983398993970702,3.11188,0.6719351348757552,0.6719351348757552,1.3983398993970702,360,250,7065.063939279992,12463.32033426184,2,6287.093939279992
77758,22,0.925,51.42857142857143,0.4277777777777777,0,0.0402298850574712,0.0229885057471264,1.75,25.17857142857143,1.012931034482759,0.0019690550828481,0.0002055630193561,0.0889324625566004,0.0019439182094501,0.0002029388105983,0.087797154523963,1.6318483956809473,1,0.0402298850574712,0.028735632183908,1.4,26.55857142857143,1.068448275862069,-0.0023214907697666,0.0018349587832346,0.1059719958202717,-0.0021727685113194,0.0017174053481944,0.0991830846792925,3.0424763636363643,2,0.0517241379310344,0.0344827586206896,1.5,29.421666666666667,1.521810344827586,0.0024245036572622,0.0022793887147335,0.1662056426332288,0.0015931707032369,0.0014978139177991,0.1092157397918458,1.9752836363636368,-0.3434352406826892,2.2165361318936494,0.0017174053481944,800.6100000000001,342,M1_May_1st_2021-05-01,-1.5505414987320012,3.2024400000000006,-1.889200339985384,1.889200339985384,1.5505414987320012,360,250,886.3695126018806,364.6551724137932,2,85.75951260188049
77833,1,0.9805555555555556,17.142857142857142,0.0583333333333333,0,0.2889518413597733,0.0623229461756373,4.636363636363637,203.4692156862745,58.792804532577904,0.0237651014393224,0.0310107209965566,6.112241565799639,0.0004042178567303,0.0005274577602327,0.1039624085701297,154.2036138655678,1,0.5113636363636364,0.096590909090909,5.294117647058823,148.44233333333332,75.90801136363636,-0.1315747245179062,0.1229524219467401,5.04505,-0.0017333443750436,0.0016197555401331,0.0664626817297551,209.24454909090903,2,0.7692307692307693,0.1452991452991453,5.294117647058823,148.4423333333333,114.18641025641024,0.4465501165501166,0.1122229560562894,8.557970888370889,0.0039107115772128,0.0009828048346934,0.0749473678098262,116.46365212121214,37.73996174435567,159.97060502589633,0.0039107115772128,5136.65,342,M1_May_1st_2021-05-01,2.27335666206409,20.5466,2.274596412413422,2.274596412413422,2.27335666206409,360,250,5118.42790001063,21165.409631728045,2,18.22209998936978
80880,12,0.975,4.044943820224719,2.966666666666667,0,1.2194444444444446,0.25,4.877777777777778,48.314783599088834,58.91719444444445,0.0536250140291807,0.0244519687616909,4.383812121212122,0.000910175960258,0.0004150226261155,0.0744063284504459,133.52895384511783,1,1.65,0.2722222222222222,6.061224489795919,48.429360269360274,79.90844444444444,0.1872959034792368,0.0570310886644219,6.567515757575758,0.0023438812353486,0.0007137054044904,0.0821880065772242,131.44637090909092,2,1.8583333333333332,0.2666666666666666,6.96875,52.42820627802691,97.42908333333337,0.600878914141414,0.0468955808080808,8.53463090909091,0.0061673464799584,0.000481330411861,0.0875983907175996,73.77781454545455,59.75113929966331,112.91771309988776,0.0061673464799584,10054.34,342,M1_May_1st_2021-05-01,1.5837752412516066,40.21736,0.900122971408684,0.900122971408684,1.5837752412516066,360,250,20124.05842868032,21210.190000000002,2,10069.71842868032
81245,11,0.8388888888888889,7.826086956521739,1.4055555555555554,0,0.5451612903225806,0.1516129032258064,3.595744680851064,55.71,30.37093548387097,-0.0304599754044082,0.0285401633399552,2.9632080156402734,-0.0010029317477094,0.0009397195998494,0.0975672289453822,110.31649942521992,1,0.8,0.2193548387096774,3.647058823529412,56.67596774193548,45.340774193548384,0.0312663489736071,0.0560252199413489,5.024755190615836,0.0006895856881521,0.001235647624855,0.110821998079839,83.68829818181817,2,0.883495145631068,0.2427184466019417,3.64,60.417582417582416,53.37864077669903,0.0704072855652732,0.0921895744737757,7.197148690791408,0.0013190160809791,0.0017270873355399,0.1348319962079874,63.77231515151514,46.54418427370479,85.92570425285108,0.0013190160809791,4924.78,342,M1_May_1st_2021-05-01,2.9836874624209027,19.69912,3.14067653389362,3.14067653389362,2.9836874624209027,360,250,3732.8037596573226,10933.53677419355,2,1191.976240342677
85633,11,0.9611111111111112,14.4,0.7638888888888888,0,0.2740112994350282,0.0734463276836158,3.7307692307692304,1053.1711340206184,288.5807909604519,0.7617318238886036,0.0088625520744164,32.214295737031335,0.0026395790979483,3.07108177398787e-05,0.1116300763810925,315.8125065680534,1,0.4689265536723164,0.1073446327683615,4.368421052631579,920.7844578313252,431.7802824858757,7.366561833019459,-1.1039516635279345,39.305683615819206,0.0170609037323524,-0.0025567440392881,0.0910316779393578,0.0,2,0.0423728813559322,0.0254237288135593,1.6666666666666663,532.2,22.55084745762712,0.3917565485362095,-0.0452961821605889,3.15582948125321,0.0173721430767654,-0.0020086243874293,0.1399428330657192,0.0,315.8125065680534,105.27083552268446,0.0173721430767654,61457.78,342,M1_May_1st_2021-05-01,0.24250188772143141,245.83112,0.24709930485461595,0.24709930485461595,0.24250188772143141,360,250,61126.098431832615,103889.08474576268,2,331.6815681673834
91674,2,0.9361111111111112,1.5450643776824031,1.2944444444444445,0,3.366863905325444,0.6686390532544378,5.035398230088496,18.57596660808436,62.54275147928994,0.2360492200107584,-0.0115777668786718,2.368333369194908,0.0037742058740239,-0.0001851176452079,0.0378674316875736,28.239032305540583,1,2.85207100591716,0.6272189349112426,4.547169811320755,17.415165975103736,49.669289940828406,0.2613886656330095,0.0068408062525709,2.7628871436256053,0.0052625810826851,0.0001377270796647,0.0556256621932196,41.43789454545456,2,3.107142857142857,0.6160714285714286,5.043478260869565,16.482614942528734,51.213839285714286,0.3930886093073593,0.0074874188311688,3.0706847402597406,0.0076754372409843,0.0001461991316331,0.0599581047444784,26.969036363636366,1.2699959419042166,32.21532107154383,0.0076754372409843,15244.679999999998,342,M1_May_1st_2021-05-01,-0.5234769324995344,60.97872,-0.6596708607999631,0.6596708607999631,0.5234769324995344,360,250,17374.165752670484,22515.390532544377,2,2129.4857526704855
93769,10,0.8833333333333333,15.652173913043478,0.6388888888888888,0,0.3846153846153846,0.0738461538461538,5.208333333333333,41.20392,15.847661538461535,0.0100984106802288,0.0084277346895528,1.3215193286713285,0.0006372177154162,0.0005317967366415,0.0833889167473738,40.48867222377622,1,0.6666666666666666,0.0987654320987654,6.75,34.36740740740741,22.91160493827161,-0.0110959265861226,0.0324155718404084,1.7315703703703704,-0.0004842928557827,0.001414810177102,0.0755761272523493,50.55571393939395,2,0.8055555555555556,0.0925925925925925,8.700000000000001,31.72298850574713,25.554629629629638,-0.0880915212733394,0.0712014080195898,1.6402424242424245,-0.0034471844260736,0.0027862430037739,0.0641857247792245,44.8745090909091,-4.3858368671328805,45.30629841802642,0.001414810177102,12548.69,342,M1_May_1st_2021-05-01,-0.6124618293157991,50.19476,0.8306099107672953,0.8306099107672953,0.6124618293157991,360,250,6831.361871861096,5705.158153846152,2,5717.3281281389045
94822,9,0.9472222222222222,27.692307692307693,0.325,0,0.1412103746397694,0.0403458213256484,3.5,19.378571428571423,2.7364553314121034,-0.0008821737340469,0.0019334705640181,0.2086939481268011,-0.0003223782694058,0.0007065602503441,0.0762643357379811,8.565405048991353,1,0.1965317919075144,0.0462427745664739,4.250000000000001,22.968529411764703,4.514046242774566,-0.0016904887020493,0.0059485607520289,0.4639487125591172,-0.0003744952114204,0.0013177890593279,0.1027789011470007,10.533247272727271,2,0.2521739130434782,0.0434782608695652,5.8,21.25310344827586,5.359478260869564,-0.0029997364953886,0.0105915678524374,0.6704986561264822,-0.0005597068127489,0.0019762311435738,0.1251052105242974,8.311905454545455,0.2534995944458984,9.136852592088026,0.0013177890593279,1169.59,342,M1_May_1st_2021-05-01,1.4204672023590117,4.6783600000000005,1.3173540558800063,1.3173540558800063,1.4204672023590117,360,250,1240.1311298552882,985.1239193083572,2,70.54112985528832
99648,9,0.9777777777777776,51.42857142857143,0.175,0,0.0446927374301676,0.0223463687150838,2.0,26.703125,1.193435754189944,0.0061208171096439,-0.0006234928427665,0.17142989673269,0.0051287361620889,-0.0005224351965136,0.1436440094331258,0.0,1,0.0502793296089385,0.0279329608938547,1.8000000000000005,17.916666666666664,0.9008379888268156,-0.0001799559844252,0.0011521358839794,0.1003400711020822,-0.0001997650927883,0.0012789601440764,0.1113852572233967,2.129872727272728,2,0.042016806722689,0.0252100840336134,1.6666666666666667,28.182,1.1841176470588235,-0.0005095492742551,0.002306043629573,0.1365596129360835,-0.0004303198043883,0.0019474784750492,0.1153260516598817,1.880852121212121,-1.880852121212121,1.3369082828282828,0.0012789601440764,1111.53,342,M1_May_1st_2021-05-01,-3.725479133996489,4.44612,-2.111443321771791,2.111443321771791,3.725479133996489,360,250,629.9679882870095,429.63687150837984,2,481.5620117129905
111436,47,0.8027777777777778,51.42857142857143,0.9138888888888888,0,0.0249221183800623,0.0249221183800623,1.0,58.32000000000001,1.4534579439252338,0.0062813006874179,-0.0004170850390051,0.0917770603228547,0.0043216253443526,-0.0002869605142332,0.0631439393939394,0.2714530909090907,1,0.01875,0.01875,1.0,58.32000000000001,1.0935,0.0062130681818181,0.0001380681818181,0.1528690909090909,0.0056818181818181,0.0001262626262626,0.1397979797979797,0.8412218181818184,2,0.0186915887850467,0.0186915887850467,1.0,58.32,1.0900934579439252,0.0099099405267629,0.0,0.174414953271028,0.009090909090909,0.0,0.1599999999999999,0.46656,-0.1951069090909092,0.5264116363636364,0.009090909090909,422.82,342,M1_May_1st_2021-05-01,-0.9768613636363637,1.69128,-1.0191876710034027,1.0191876710034027,0.9768613636363637,360,250,438.199876919911,523.2448598130842,2,15.379876919910998
116841,10,0.9416666666666668,32.72727272727273,0.3055555555555556,0,0.0867052023121387,0.0346820809248554,2.5,21.938333333333333,1.9021676300578036,0.0108363185947001,-0.0012003453194204,0.2316936416184971,0.0056968263067176,-0.0006310407665721,0.1218050596368609,0.0,1,0.0462427745664739,0.0173410404624277,2.666666666666667,21.78625,1.0074566473988438,-0.0061915104805278,0.002619664856659,0.1472393063583815,-0.0061456842798285,0.0026002755189742,0.1461495209134201,3.9602145454545448,2,0.0695652173913043,0.0260869565217391,2.666666666666667,21.78625,1.5155652173913043,-0.0117716732542819,0.0054225296442687,0.2410750988142292,-0.0077671835690081,0.0035778926449647,0.1590661332470959,3.690396363636363,-3.690396363636363,2.550203636363636,0.0026002755189742,254.42,342,M1_May_1st_2021-05-01,-0.5350106814555952,1.01768,-1.5917397010727483,1.5917397010727483,0.5350106814555952,360,250,756.9389337146166,684.7803468208093,2,502.51893371461665
117202,9,0.9777777777777776,12.857142857142858,0.7,0,0.3659217877094972,0.0754189944134078,4.851851851851851,16.567175572519083,6.062290502793295,0.0113385108063879,0.0012224855632676,0.4546815981039445,0.0018703344554609,0.0002016540716259,0.0750016182653145,9.799927643812426,1,0.4245810055865922,0.0782122905027933,5.428571428571429,19.266578947368416,8.180223463687149,0.0457768184639693,-7.358501213249872e-05,0.7518102590147283,0.005596035202116,-8.995477013452033e-06,0.0919058339117618,5.762203636363636,2,0.3361344537815126,0.0672268907563025,5.000000000000001,19.86125,6.676050420168068,0.0547248535777947,0.0002019777608012,0.6612693659281894,0.0081971899751495,3.0254079596391976e-05,0.099050984385996,3.2931696969696977,6.506757946842728,6.285100325715253,0.0081971899751495,1710.3900000000003,342,M1_May_1st_2021-05-01,0.4879950313250925,6.841560000000001,0.4787123890430971,0.4787123890430971,0.4879950313250925,360,250,1724.4585185367423,2182.4245810055863,2,14.068518536741976
122203,8,0.9805555555555556,6.101694915254237,1.3111111111111111,0,0.5027932960893855,0.164804469273743,3.050847457627119,179.4978888888889,90.25033519553074,0.1926739179504543,0.0128936572428192,5.26147841543931,0.0021348831285005,0.0001428654776171,0.0582987132849991,129.67150599898426,1,0.3910614525139664,0.1620111731843575,2.413793103448276,262.627,102.70329608938547,0.2175841092489137,0.0784421684254086,5.799031657355681,0.0021185698758834,0.0007637745954826,0.0564639293787477,174.6318266666667,2,0.3949579831932773,0.1680672268907563,2.35,333.8976595744681,131.8755462184874,0.84630226636109,0.0561468041762159,10.598725439266616,0.0064174313633473,0.0004257559933302,0.0803691491196326,94.84381454545456,34.827691453529695,133.0490490703685,0.0064174313633473,16646.41,342,M1_May_1st_2021-05-01,0.6990097694629761,66.58564,0.6063667610877408,0.6063667610877408,0.6990097694629761,360,250,18736.675639846835,32490.120670391065,2,2090.2656398468353
125849,4,0.9916666666666668,7.826086956521739,0.5111111111111111,0,0.4972222222222222,0.1305555555555555,3.808510638297872,18.2791061452514,9.08877777777778,0.0305965207631874,-0.0011888701833146,0.6458039393939394,0.0033664065192567,-0.0001308063869953,0.0710550918048564,5.461106855218856,1,0.65,0.15,4.333333333333334,17.108376068376067,11.120444444444445,0.1477807519640853,-0.0191112233445566,0.7005676767676766,0.0132891048287115,-0.0017185665051457,0.0629981724442377,0.0,2,0.5083333333333333,0.1166666666666666,4.357142857142857,11.050327868852458,5.617249999999999,0.0899219696969696,-0.0095803451178451,0.4422963636363636,0.0160081836658453,-0.0017055222961137,0.0787389494212227,0.0,5.461106855218856,1.8203689517396189,0.0160081836658453,332.92,342,M1_May_1st_2021-05-01,0.4543434723770425,1.3316799999999998,-0.0730237828458824,0.0730237828458824,0.4543434723770425,360,250,1531.2009474994454,3271.960000000001,2,1198.2809474994453
129341,18,0.8083333333333333,60.0,0.3,0,0.1611842105263158,0.0230263157894736,7.000000000000001,27.416734693877554,4.419144736842106,-0.0020439110973915,0.0036220481555795,0.4629272727272727,-0.0004625128207165,0.0008196265049621,0.1047549470077048,14.6620940861244,1,0.1447368421052631,0.0328947368421052,4.4,42.873636363636365,6.205394736842106,-0.0246139354066985,0.0140883672248803,0.7156315789473683,-0.0039665382220671,0.002270341827126,0.1153241025423548,17.478043636363633,2,0.2178217821782178,0.0495049504950495,4.4,42.873636363636365,9.33881188118812,0.0141723263235414,0.0157168807789869,1.0380795679567956,0.0015175727387859,0.0016829636338051,0.1111575627781814,10.757461818181822,3.904632267942578,14.299199846889952,0.002270341827126,2387.68,342,M1_May_1st_2021-05-01,1.1566432851839465,9.55072,1.414767694135679,1.414767694135679,1.1566432851839465,360,250,2102.507719182618,1590.892105263158,2,285.17228081738176
129407,2,0.9944444444444444,3.5643564356435644,0.5611111111111111,0,0.7604456824512534,0.2813370473537604,2.7029702970297027,103.06117216117217,78.37242339832869,0.4092069159562195,-0.0425568310777224,2.8030238203764672,0.0052213125256625,-0.0005430077217521,0.0357654350705741,0.0,1,0.4804469273743016,0.2290502793296089,2.097560975609756,90.61883720930231,43.53754189944134,0.3460446927374301,-0.0231487688806124,2.877633519553072,0.0079481908633401,-0.0005316967350632,0.0660954522007591,4.398639999999997,2,0.361344537815126,0.1932773109243697,1.869565217391304,87.38813953488372,31.577226890756304,0.1929569646040234,0.0155970206264323,2.973683728036669,0.0061106367975747,0.0004939325635018,0.0941717820353365,23.939778181818177,-23.939778181818177,9.446139393939392,0.0061106367975747,20541.65,342,M1_May_1st_2021-05-01,-1.0484121383153786,82.1666,-0.9952846315948416,0.9952846315948416,1.0484121383153786,360,250,19500.71713730013,28214.072423398327,2,1040.9328626998722
129733,33,0.8611111111111112,72.0,0.4583333333333333,0,0.0572289156626506,0.0180722891566265,3.1666666666666665,10.446315789473685,0.5978313253012049,0.00269344758714,-0.0002078044799518,0.0681132530120481,0.0045053637592224,-0.000347597175252,0.1139338976219266,0.0552116363636364,1,0.072289156626506,0.0240963855421686,3.0,10.504166666666666,0.7593373493975903,0.0124404355389472,-0.0017719433885273,0.0849706462212486,0.0163832788533537,-0.0023335390915949,0.1119010493671342,0.0,2,0.0818181818181818,0.0272727272727272,3.0,4.636666666666667,0.3793636363636363,0.0103478587528174,-0.0015331329827197,0.0463685950413223,0.0272768862403526,-0.0040413282554319,0.1222273054048755,0.0,0.0552116363636364,0.0184038787878788,0.0272768862403526,56.120000000000005,342,M1_May_1st_2021-05-01,-0.2831373273240262,0.22448,1.4058039720566449,1.4058039720566449,0.2831373273240262,360,250,0.0,215.21927710843374,2,56.120000000000005
129919,9,0.9694444444444444,5.070422535211268,1.775,0,0.3549295774647887,0.2028169014084507,1.75,132.95214285714286,47.188647887323945,0.133134443021767,-0.0004566367904396,2.7844683226632525,0.0028213235382302,-9.676835656108566e-06,0.0590071648018385,45.78739396670935,1,0.4971751412429379,0.2768361581920904,1.7959183673469388,100.33295454545454,49.883050847457625,0.445597842835131,-0.0374377294603283,2.2770227015921933,0.0089328506429522,-0.0007505100194214,0.045647222110679,1.338162909090909,2,0.423728813559322,0.2457627118644068,1.7241379310344829,87.0168,36.87152542372881,0.4587145608628659,-0.033655966444102,2.124439958911146,0.0124408891574542,-0.0009127901831379,0.0576173601308058,1.623776969696969,44.16361699701238,16.249777948499077,0.0124408891574542,8615.2,342,M1_May_1st_2021-05-01,0.24002794048591405,34.460800000000006,-0.08257382978687033,0.08257382978687033,0.24002794048591405,360,250,12420.985336307449,16987.91323943662,2,3805.7853363074482
139354,39,0.8972222222222223,90.0,0.4333333333333333,0,0.0257879656160458,0.0143266475644699,1.7999999999999998,106.27666666666666,2.740659025787965,0.012076895024746,-0.0009436534811892,0.3475394634019275,0.0044065660525843,-0.0003443162656536,0.1268087201405897,0.2487032727272726,1,0.0057471264367816,0.0057471264367816,1.0,136.98,0.7872413793103448,-0.0039759665621734,0.0018554510623476,0.1412263322884012,-0.005050505050505,0.0023569023569023,0.1793939393939393,2.872429090909091,2,0.0086206896551724,0.0086206896551724,1.0,136.98,1.1808620689655172,-0.0035783699059561,0.00298197492163,0.2046827586206896,-0.003030303030303,0.0025252525252525,0.1733333333333333,2.2082836363636367,-1.959580363636364,1.776472,0.0023569023569023,88.48,342,M1_May_1st_2021-05-01,-0.03839103160323879,0.35392,-5.0807725863489575,5.0807725863489575,0.03839103160323879,360,250,3543.3421298701514,986.6372492836674,2,3454.8621298701514
147974,10,0.95,25.714285714285715,0.3888888888888889,0,0.1690544412607449,0.0429799426934097,3.9333333333333336,44.37050847457627,7.501031518624641,0.0080745581066497,0.0029682134484426,0.8466841364938786,0.0010764596957899,0.0003957073691895,0.1128756937484677,16.426211901015886,1,0.2126436781609195,0.0459770114942528,4.625,43.16783783783784,9.179367816091954,-0.0331053059328921,0.0186892875111265,1.1779999303378614,-0.0036064908386018,0.0020360103098127,0.1283312700764382,29.802779393939403,2,0.3017241379310345,0.0517241379310344,5.833333333333333,43.786,13.211293103448272,-0.042376698014629,0.0338824016022291,1.2213473354231974,-0.0032076116760719,0.0025646544465345,0.0924472211659897,24.995761212121216,-8.56954931110533,23.741584169025504,0.0020360103098127,445.47,342,M1_May_1st_2021-05-01,1.9523090743792813,1.78188,0.13435150396644602,0.13435150396644602,1.9523090743792813,360,250,3854.609258797238,2700.371346704871,2,3409.1392587972377
156078,9,0.975,4.5,2.0,0,1.669467787114846,0.226890756302521,7.358024691358025,45.39687919463088,75.7886274509804,0.2484314432843844,-0.0084238840317271,2.4013395127748067,0.0032779514768896,-0.0001111497109137,0.0316846945714642,50.00669015669299,1,1.651685393258427,0.2808988764044944,5.88,45.3587074829932,74.91831460674157,0.5900375099307683,-0.0386277002232058,3.823081852230167,0.0078757445763158,-0.0005155975601689,0.0510300034417237,8.242578909090907,2,1.411764705882353,0.2689075630252101,5.250000000000001,36.21142857142856,51.12201680672269,0.2795886172650879,0.0325395976572447,3.276122536287243,0.0054690451341567,0.0006365084887059,0.0640843757920056,42.92069818181819,7.085991974874801,33.723322415867365,0.0054690451341567,12717.11,342,M1_May_1st_2021-05-01,-0.011370437390021134,50.86844,0.03048553647242125,0.03048553647242125,0.011370437390021134,360,250,11924.058297585345,27283.905882352945,2,793.0517024146557
168017,3,0.9916666666666668,3.302752293577982,0.9083333333333332,0,3.403899721448468,0.3064066852367688,11.10909090909091,20.98445171849427,71.42896935933148,-0.0792365718465996,0.0617000834716712,5.037389448805605,-0.0011093058258756,0.0008637963563674,0.0705230593971537,259.88471711386853,1,6.229050279329609,0.4860335195530726,12.816091954022989,21.20556950672645,132.09055865921786,0.3141583432086224,0.0932617986193405,9.470789910275943,0.0023783557765027,0.000706044395345,0.0716992191297317,214.7726460606061,2,8.873949579831933,0.6302521008403361,14.080000000000002,21.47309659090909,190.55117647058825,2.0860710466004586,-0.1106987946693829,8.952503692386045,0.0109475631966116,-0.0005809399696173,0.0469821486185779,27.56948945454545,232.31522765932309,167.40895087634,0.0109475631966116,4946.879999999999,342,M1_May_1st_2021-05-01,3.3613420334546973,19.78752,2.866278728174881,2.866278728174881,3.3613420334546973,360,250,13787.345415940337,25714.42896935933,2,8840.465415940338
177160,3,0.975,6.315789473684211,0.475,0,0.5325779036827195,0.1614730878186968,3.298245614035088,75.30026595744683,40.10325779036828,-0.0082547142816264,0.0265894783529344,2.9744115374710285,-0.0002058365014826,0.0006630253953912,0.0741688257103492,121.9112121967551,1,0.75,0.2102272727272727,3.5675675675675675,74.06795454545455,55.55096590909091,0.026412017906336,0.0627121020814202,4.007827272727273,0.0004754556014302,0.0011289111009167,0.0721468512228226,118.57665575757576,2,0.8205128205128205,0.2564102564102564,3.2,90.56625,74.31076923076924,0.2367090132090131,0.0850105326771993,4.61588003108003,0.0031853931221452,0.0011439867135973,0.0621158962403631,82.51935515151514,39.39185704523996,107.66907436861533,0.0031853931221452,4461.449999999999,342,M1_May_1st_2021-05-01,2.594936619382299,17.845799999999997,1.4114476297629246,1.4114476297629246,2.594936619382299,360,250,16326.891010692063,14437.172804532582,2,11865.441010692064
180948,40,0.9166666666666666,36.0,1.1111111111111112,0,0.0560224089635854,0.0308123249299719,1.818181818181818,325.77000000000004,18.25042016806723,0.0047523979288685,0.0102096030331324,1.6692351413292592,0.0002603993708146,0.0005594174237695,0.0914628335105358,49.4976861807996,1,0.0786516853932584,0.0393258426966292,2.0,396.4257142857144,31.17955056179776,0.1269468278288502,0.0102828661143267,3.572811848825332,0.0040714771554273,0.0003297952000284,0.1145883049771366,35.37836121212121,2,0.1176470588235294,0.0588235294117647,2.0,396.4257142857143,46.63831932773109,0.7390946014769545,-0.0778759867583396,4.748897784568373,0.0158473678325172,-0.001669785444263,0.1018239476255029,0.0,49.4976861807996,28.29201579764027,0.0158473678325172,2196.08,342,M1_May_1st_2021-05-01,2.230818019852266,8.78432,2.025619569601818,2.025619569601818,2.230818019852266,360,250,3132.319483726729,6570.151260504203,2,936.2394837267288
184149,19,0.9194444444444444,22.5,0.8444444444444444,0,0.2028985507246377,0.0463768115942029,4.375,8.804142857142857,1.7863478260869563,0.0125386335403726,-0.0016521739130434,0.1435791304347826,0.0070191445122078,-0.0009248892566811,0.0803757971085041,0.0,1,0.0988372093023255,0.0348837209302325,2.833333333333333,7.00764705882353,0.6926162790697674,0.0076774136715997,-0.0008510101010101,0.1036657505285412,0.0110846566902975,-0.0012286891410537,0.1496727028532619,0.0,2,0.0260869565217391,0.0260869565217391,1.0,12.986666666666668,0.3387826086956522,-0.0021562582345191,0.001106543697848,0.0533628458498023,-0.006364725281563,0.0032662352477547,0.1575135336942318,0.7666521212121215,-0.7666521212121215,0.2555507070707071,-0.0012286891410537,62.1,342,M1_May_1st_2021-05-01,-0.13905466582290807,0.2484,-0.14138146988780542,0.14138146988780542,0.13905466582290807,360,250,63.13912034576492,643.0852173913042,2,1.0391203457649212
186288,59,0.8388888888888889,30.0,1.9666666666666663,0,0.1374269005847953,0.0380116959064327,3.615384615384616,61.05468085106384,8.390555555555556,0.0475479304321409,-0.0052388699020277,0.6346586921850079,0.0056668393549529,-0.0006243769995133,0.0756396507934194,0.0,1,0.0584795321637426,0.023391812865497,2.5,57.78099999999999,3.379005847953216,-0.0012329730049028,0.0044456061590564,0.4167354244196349,-0.0003648922376531,0.0013156550651574,0.1233307792799667,7.784670303030303,2,0.087719298245614,0.0350877192982456,2.5,57.781000000000006,5.0685087719298245,0.030656432748538,0.0025735867446393,0.7126795321637426,0.0060484126846772,0.0005077601441458,0.1406093121729749,3.719506666666665,-3.719506666666665,3.834725656565656,0.0060484126846772,764.1700000000001,342,M1_May_1st_2021-05-01,-0.364300072833212,3.0566800000000005,-1.794993143967679,1.794993143967679,0.364300072833212,360,250,3765.2474240755355,3020.6000000000004,2,3001.0774240755354
191455,1,0.9916666666666668,2.903225806451613,0.3444444444444444,0,1.072829131652661,0.3473389355742297,3.088709677419355,431.01631853785904,462.40686274509807,2.3860400079223605,-0.2447947778437974,40.74457071555894,0.0051600445412023,-0.0005293926140943,0.0881141133452844,0.0,1,0.6797752808988764,0.3258426966292135,2.086206896551724,135.2713223140496,91.95410112359552,1.021699920553853,-0.1135208451556766,6.588480898876402,0.0111109771948135,-0.0012345381420573,0.0716496688931886,0.0,2,0.7058823529411765,0.3529411764705882,2.0,73.97499999999998,52.21764705882352,0.3608731856378914,0.0165053051523639,3.877256226126815,0.0069109430616696,0.0003160867270363,0.0742518371568726,34.28343030303031,-34.28343030303031,11.427810101010104,0.0069109430616696,22724.810000000005,342,M1_May_1st_2021-05-01,-0.19657848384942386,90.89924000000002,-0.30983282510621557,0.30983282510621557,0.19657848384942386,360,250,35817.20615820395,166466.4705882353,2,13092.396158203948
199408,8,0.9638888888888888,51.42857142857143,0.1555555555555555,0,0.0880681818181818,0.0227272727272727,3.875,94.53032258064516,8.325113636363637,0.001646794651056,0.004773004667891,0.926645282369146,0.0001978104711823,0.0005733260681323,0.1113072232818073,23.029480944903582,1,0.1647727272727272,0.0397727272727272,4.142857142857142,74.9541379310345,12.350397727272728,-0.0438876262626262,0.0250002104377104,1.247292424242424,-0.0035535395079392,0.0020242433474432,0.1009920855818346,40.374946666666666,2,0.1367521367521367,0.0512820512820512,2.666666666666667,122.809375,16.794444444444444,-0.0665091945091944,0.0458806440473107,1.5082893550893548,-0.0039601902122576,0.0027318941212424,0.089808826965294,33.62636969696969,-10.596888752066109,32.343599102846646,0.0020242433474432,24379.73,342,M1_May_1st_2021-05-01,-8.947558232686536,97.51892,-2.3542335532365675,2.3542335532365675,8.947558232686536,360,250,10657.185700534537,2997.0409090909093,2,13722.544299465462
202108,8,0.9833333333333332,27.692307692307693,0.2888888888888888,0,0.2089136490250696,0.0389972144846796,5.357142857142858,338.38053333333323,70.69231197771586,0.2672322669592865,-0.0157477185973007,7.845505292479109,0.0037802168224958,-0.0002227642321595,0.1109810257012421,22.59273225761796,1,0.1843575418994413,0.0335195530726257,5.5,188.949393939394,34.83424581005587,0.2331073867163252,-0.008796399751707,3.749970949720671,0.0066919027897837,-0.0002525216076062,0.1076518484186081,13.604519999999996,2,0.1848739495798319,0.0336134453781512,5.500000000000001,136.76045454545454,25.28344537815126,0.1439350649350649,0.0148356251591545,3.049299312452254,0.0056928580255698,0.0005867722906141,0.1206045800659475,20.50902909090909,2.083703166708865,18.902093782842343,0.0056928580255698,0.0,342,M1_May_1st_2021-05-01,0.31959249351951885,0.0,0.49958902503421254,0.49958902503421254,0.31959249351951885,360,250,0.0,25449.23231197771,2,0.0
214928,25,0.8888888888888888,32.72727272727273,0.763888888888889,0,0.0650887573964497,0.0355029585798816,1.8333333333333333,63.83227272727272,4.154763313609467,0.0277584406543682,-0.0034530107901148,0.4015704142011834,0.0066811123905522,-0.0008310968711031,0.0966530182082303,0.0,1,0.0236686390532544,0.0118343195266272,2.0,62.725,1.484615384615385,0.0084340094294845,6.644938771635589e-05,0.2375384615384615,0.0056809389939533,4.475865493847806e-05,0.16,1.0799636363636362,2,0.0178571428571428,0.0089285714285714,2.0,63.85000000000001,1.1401785714285717,-0.0086377164502164,0.0040309343434343,0.2045411255411255,-0.0075757575757575,0.0035353535353535,0.1793939393939393,2.6778303030303032,-2.6778303030303032,1.2525979797979798,4.475865493847806e-05,127.7,342,M1_May_1st_2021-05-01,-0.12294322478655,0.5108,-0.49170201631790966,0.49170201631790966,0.12294322478655,360,250,510.7263746563637,1495.7147928994082,2,383.0263746563637
219508,5,0.9361111111111112,10.909090909090908,0.4583333333333333,0,0.2873900293255132,0.093841642228739,3.0625000000000004,1486.9645918367348,427.33879765395903,2.735682720798264,-0.3366032727780529,65.6938541544477,0.0064016717784971,-0.0007876730936342,0.1537278021913747,0.0,1,0.2235294117647059,0.0705882352941176,3.166666666666667,140.5728947368421,31.42217647058824,0.1752853098458635,0.0021224494075705,1.681300320855615,0.0055783949278603,6.75462251813514e-05,0.0535068066475072,23.82063151515152,2,0.1592920353982301,0.0530973451327433,3.0,211.6938888888889,33.72115044247788,0.234490882274068,0.0103374899436846,3.3100901045856794,0.0069538221323162,0.0003065580446704,0.0981606517319771,20.849014545454544,-20.849014545454544,14.88988202020202,0.0069538221323162,4989.6900000000005,342,M1_May_1st_2021-05-01,-0.04670476939976268,19.95876,-0.04384431919237461,0.04384431919237461,0.04670476939976268,360,250,4684.094661906442,153841.96715542526,2,305.5953380935589
223628,2,0.9972222222222222,2.7906976744186047,0.7166666666666667,0,1.5888888888888888,0.3472222222222222,4.576,15.525437062937067,24.66819444444445,0.1238467312008978,-0.0122942153011597,1.1049525252525254,0.0050205024725183,-0.0004983832654979,0.0447925983290347,0.0468933333333334,1,1.2166666666666666,0.2666666666666666,4.5625,13.727945205479456,16.702333333333335,0.0985624579124579,-0.0012826038159371,1.1750626262626265,0.0059011190799164,-7.679189430242192e-05,0.070353201724068,10.363425454545448,2,1.3166666666666669,0.2583333333333333,5.096774193548386,13.154873417721518,17.32058333333333,0.1916736111111111,-0.0105189814814814,1.4225055555555557,0.0110662330143486,-0.0006073110402256,0.082128039695866,2.302104000000003,-2.2552106666666702,4.237474262626262,0.0110662330143486,1220.9500000000005,342,M1_May_1st_2021-05-01,-0.1960786662988216,4.883800000000001,-1.183420887478177,1.183420887478177,0.1960786662988216,360,250,7309.937473815505,8880.550000000001,2,6088.987473815504
224810,22,0.9555555555555556,36.0,0.6111111111111112,0,0.0584958217270195,0.0306406685236768,1.9090909090909087,61.71000000000001,3.609777158774373,0.0062834894910103,0.0008319265074139,0.4590059255507723,0.0017406862569721,0.0002304647824012,0.1271563050464363,6.150800172195494,1,0.0893854748603352,0.0446927374301676,2.0,51.1375,4.570949720670392,-0.001078663732295,0.0058828508549178,0.5381818181818183,-0.0002359824102674,0.0012870084368495,0.1177396057865381,10.85461818181818,2,0.134453781512605,0.0672268907563025,2.0,51.1375,6.875630252100841,0.0521261777438248,0.0011490535608182,0.8986358034122742,0.007581294489752,0.000167119743018,0.1306986807700569,3.9291393939393937,2.2216607782560995,6.978185915984356,0.007581294489752,0.0,342,M1_May_1st_2021-05-01,1.7039279439298889,0.0,-0.05822661679133867,0.05822661679133867,1.7039279439298889,360,250,1590.246320880394,1299.5197771587743,2,1590.246320880394
239108,5,0.8166666666666667,3.1578947368421053,1.5833333333333333,0,1.6073825503355703,0.3859060402684564,4.165217391304348,45.10954070981211,72.50828859060402,0.0470065893837706,0.0432639346484983,1.380985519625788,0.0006482926338143,0.0005966757110042,0.0190458987030172,192.0309650079316,1,2.315436241610738,0.5167785234899329,4.48051948051948,44.3516231884058,102.693355704698,0.4636326215171852,0.0491088332994373,3.635797844213952,0.0045147285171047,0.0004782084776804,0.0354044116999053,105.10853696969696,2,2.525252525252525,0.494949494949495,5.10204081632653,45.076800000000006,113.83030303030304,0.9469068870523416,0.0425324762779308,4.371196326905419,0.0083185835567903,0.000373648098491,0.0384009899871895,61.91966060606062,130.111304401871,119.6863875278964,0.0083185835567903,19633.52,342,M1_May_1st_2021-05-01,1.565295322976897,78.53408,1.4016723303023828,1.4016723303023828,1.565295322976897,360,250,22599.525793225497,26102.98389261745,2,2966.0057932254967
243130,10,0.8027777777777778,10.0,1.0,0,0.6587837837837838,0.125,5.27027027027027,47.38758974358974,31.218175675675678,0.1474083128583128,-0.0096328282828282,1.4154924242424245,0.0047218746665318,-0.0003085647407107,0.0453419328197751,5.753805090909086,1,0.5878378378378378,0.1081081081081081,5.4375,33.233333333333334,19.53581081081081,0.1330217854217854,-0.0006184548184548,0.9194642096642096,0.0068091253908014,-3.1657494252174905e-05,0.0470655770865365,11.01601212121212,2,0.7142857142857143,0.0918367346938775,7.777777777777778,27.748571428571427,19.820408163265306,0.2142610389610389,-0.0035682127396413,1.4728915275200989,0.0108101224352254,-0.0001800272078278,0.0743118666067595,6.370860606060608,-0.6170555151515211,7.713559272727271,0.0108101224352254,6951.95,342,M1_May_1st_2021-05-01,-0.7064472677138134,27.8078,-0.818886385825655,0.818886385825655,0.7064472677138134,360,250,7829.486035508379,11238.543243243244,2,877.5360355083794
247348,57,0.675,72.0,0.7916666666666666,0,0.0640569395017793,0.0213523131672597,3.0,29.163333333333338,1.868113879003559,0.0071913118174009,-0.0001665644046304,0.1865727164887307,0.0038495039827211,-8.916180458938047e-05,0.0998722393670387,1.411470234875445,1,0.0428571428571428,0.0142857142857142,3.0,38.22333333333333,1.6381428571428571,0.0040938775510204,0.0016904761904761,0.2668361904761905,0.0024990967870535,0.0010319467457341,0.1628894508880556,2.242693333333333,2,0.053763440860215,0.010752688172043,5.0,35.868,1.9283870967741936,0.014024633431085,0.0011687194525904,0.3459409579667644,0.0072727272727272,0.0006060606060606,0.1793939393939394,1.1521236363636362,0.2593465985118091,1.6020957348574718,0.0072727272727272,95.6,342,M1_May_1st_2021-05-01,0.5508605478721379,0.3823999999999999,0.6984430482086689,0.6984430482086689,0.5508605478721379,360,250,26.67477070581975,672.5209964412812,2,68.92522929418024
249608,8,0.725,24.0,0.3333333333333333,0,0.225563909774436,0.0601503759398496,3.75,8.936500000000002,2.0157518796992484,0.0057645629224576,0.0003780410622515,0.0701315105946684,0.0028597581778357,0.0001875434501928,0.0347917376642268,3.007066274777854,1,0.2781954887218045,0.0676691729323308,4.111111111111111,7.995405405405407,2.224285714285714,0.0061447124304267,0.002165120593692,0.2363688311688311,0.0027625553637114,0.0009734003953657,0.1062672972499561,2.7959018181818185,2,0.3409090909090909,0.0795454545454545,4.285714285714286,7.467000000000001,2.545568181818182,0.019745867768595,0.0018973829201101,0.2492690082644627,0.007756958901997,0.0007453671575808,0.0979227388387693,1.4971309090909095,1.509935365686944,2.4333663340168603,0.007756958901997,1048.5000000000002,342,M1_May_1st_2021-05-01,-0.5888292786308791,4.194000000000001,-0.02075260526129341,0.02075260526129341,0.5888292786308791,360,250,762.2245944604906,725.6706766917295,2,286.2754055395096
249770,57,0.6277777777777778,90.0,0.6333333333333333,0,0.1628787878787878,0.0189393939393939,8.6,16.680697674418603,2.716931818181818,0.0133814661769207,-0.00073750127538,0.3639771349862259,0.0049252123617425,-0.000271446368453,0.133966238147927,0.7843090909090913,1,0.1212121212121212,0.0151515151515151,8.0,17.274375,2.0938636363636363,0.0348727863046044,-0.0044259149940968,0.356390909090909,0.016654755208972,-0.0021137551258033,0.1702073157494844,0.0,2,0.0113636363636363,0.0113636363636363,1.0,3.24,0.0368181818181818,0.000297520661157,2.4793388429752075e-05,0.0066049586776859,0.008080808080808,0.0006734006734006,0.1793939393939394,0.0208145454545454,0.7634945454545459,0.2683745454545456,0.008080808080808,494.8300000000001,342,M1_May_1st_2021-05-01,-0.4398383872182024,1.9793200000000004,-0.3539023988942217,0.3539023988942217,0.4398383872182024,360,250,436.459444748919,978.0954545454545,2,58.3705552510811
253208,4,0.6555555555555556,8.181818181818182,0.4888888888888889,0,0.7322175732217573,0.1882845188284518,3.888888888888889,62.26182857142857,45.5892050209205,0.2497209014834538,-0.013281306791767,3.4427945733485488,0.0054776322896803,-0.000291325694003,0.0755177584642829,13.170853090909072,1,0.6554621848739496,0.1764705882352941,3.714285714285714,60.795128205128215,39.848907563025215,0.0474397759103642,0.0632521008403361,2.5261445378151257,0.0011904912533758,0.0015872982399905,0.0633930687765973,55.09768,2,0.8354430379746836,0.2151898734177215,3.882352941176471,60.89575757575759,50.874936708860766,0.096569332566168,0.1198594169543536,4.020429612581512,0.0018981710605125,0.0023559619865527,0.0790257418026681,46.37694060606061,-33.20608751515153,38.21515789898989,0.0018981710605125,4958.87,342,M1_May_1st_2021-05-01,-0.1461887064280368,19.83548,-0.2917988842718304,0.2917988842718304,0.1461887064280368,360,250,6618.43306271335,16412.11380753138,2,1659.5630627133505
253510,30,0.6083333333333333,40.0,0.75,0,0.1512605042016806,0.042016806722689,3.6,34.668055555555554,5.24390756302521,0.0107387000254647,0.0024690921823274,0.620650114591291,0.0020478431201158,0.0004708496770112,0.1183564178299966,10.633581818181815,1,0.2100840336134453,0.0588235294117647,3.571428571428572,33.09479999999999,6.952689075630251,0.0199362108479755,0.0084450810627281,1.01861512605042,0.0028674100957359,0.0012146496083549,0.1465066415267655,8.133310303030305,2,0.3037974683544304,0.0759493670886076,4.0,29.70291666666666,9.023670886075948,0.1268952819332566,-0.0031331990794016,1.1144777905638663,0.0140624900370716,-0.0003472200082381,0.1235060325929629,2.0594072727272734,8.574174545454543,6.942099797979799,0.0140624900370716,0.0,342,M1_May_1st_2021-05-01,2.027797342035393,0.0,1.8132760490718884,1.8132760490718884,2.027797342035393,360,250,281.2324576503169,1887.8067226890755,2,281.2324576503169
254168,44,0.5583333333333333,22.5,1.9555555555555555,0,0.1521739130434782,0.0739130434782608,2.058823529411765,135.74342857142855,20.65660869565217,0.1741380993297817,-0.0187392793721716,2.045969749670619,0.0084301398112089,-0.0009071808276116,0.0990467399472623,0.0,1,0.0782608695652174,0.0434782608695652,1.8000000000000005,122.12444444444442,9.557565217391303,0.1318677206851119,-0.0116047430830039,1.5344531225296438,0.0137972085657506,-0.0012141944960927,0.1605485380039568,0.1105978181818178,2,0.0921052631578947,0.0394736842105263,2.333333333333333,22.302857142857142,2.054210526315789,0.0445568181818181,-0.0041953748006379,0.2708079744816587,0.0216904828453637,-0.0020423295211919,0.1318306819152322,0.0063306666666666,-0.0063306666666666,0.0389761616161615,0.0216904828453637,4913.88,342,M1_May_1st_2021-05-01,-0.9515366384481649,19.65552,-1.1116598502016632,1.1116598502016632,0.9515366384481649,360,250,5740.780632070766,7436.3791304347815,2,826.9006320707658
256528,16,0.5805555555555556,12.857142857142858,1.2444444444444445,0,0.3409090909090909,0.1318181818181818,2.586206896551724,48.234,16.44340909090909,0.0370879789631855,0.0083677310293012,0.6818089256198347,0.0022554920794186,0.0005088805480079,0.0414639641847006,30.67012727272728,1,0.4090909090909091,0.1545454545454545,2.647058823529412,51.3971111111111,21.026090909090907,0.1823732531930879,0.0019495617330328,1.2550282093663911,0.0086736642574981,9.272107409132765e-05,0.0596890888940161,10.19506787878788,2,0.410958904109589,0.136986301369863,3.0,54.50666666666667,22.4,0.3117755292652552,-0.0070612287256122,1.80329796596098,0.0139185504136274,-0.0003152334252505,0.0805043734804008,4.8912969696969695,25.778830303030308,15.252164040404042,0.0139185504136274,3156.09,342,M1_May_1st_2021-05-01,1.0974468355655078,12.62436,1.105989894216287,1.105989894216287,1.0974468355655078,360,250,3120.9707479294016,5919.627272727272,2,35.11925207059858
258470,1,0.5972222222222222,8.0,0.125,0,1.544186046511628,0.213953488372093,7.217391304347826,13.867379518072289,21.41381395348837,-0.0071740918700749,0.0232243577423281,1.267036673713883,-0.0003350216773927,0.0010845502717438,0.0591691268293418,62.35636484848486,1,2.607476635514019,0.3364485981308411,7.750000000000001,13.60516129032258,35.47514018691589,0.1249804587935429,0.0438935145851033,1.962386292834892,0.0035230434082862,0.0012373034850273,0.0553172244702973,35.84842666666667,2,2.788732394366197,0.352112676056338,7.92,14.735858585858589,41.0943661971831,0.2829551856594111,0.0512720870678617,2.813429961587708,0.0068854982286795,0.0012476670602934,0.0684626682910262,23.319818181818185,39.03654666666667,40.50820323232324,0.0068854982286795,6779.84,342,M1_May_1st_2021-05-01,1.6455268045674158,27.11936,0.9321974115878089,0.9321974115878089,1.6455268045674158,360,250,10598.615727205024,7708.973023255812,2,3818.775727205024
